INCIDENT_TYPE,HUNDRED_BLOCK,MONTH,YEAR,FILE_NUMBER,lon,lat
Break and Enter - Business,11000 124TH ST,1,2020,20-680,-122.878468,49.20219669999999
Break and Enter - Business,13900 104TH AVE,1,2020,20-1128,-122.8369327,49.19122
Break and Enter - Business,11100 SCOTT RD,1,2020,20-1173,-122.8775273,49.20328840000001
Break and Enter - Business,10500 UNIVERSITY DR,1,2020,20-1191,-122.850623,49.193487
Break and Enter - Business,10400 138TH ST,1,2020,20-1298,-122.8375197,49.1503782
Break and Enter - Business,10300 CITY PKWY,1,2020,20-1749,-122.8476923,49.1898126
Break and Enter - Business,13600 105TH AVE,1,2020,20-2221,-122.846102,49.1930081
Break and Enter - Business,10300 CITY PKWY,1,2020,20-2452,-122.8476923,49.1898126
Break and Enter - Business,12300 BLOCK MUSQUEAM DR,1,2020,20-2626,-122.8854672,49.20739409999999
Break and Enter - Business,10700 138TH ST,1,2020,20-2690,-122.8393974,49.1970261
INCIDENT_TYPE,HUNDRED_BLOCK,MONTH,YEAR,FILE_NUMBER,lon,lat
Break and Enter - Business,12900 115TH AVE,1,2020,20-3188,-122.8623448,49.2112303
Break and Enter - Business,10400 138TH ST,1,2020,20-3244,-122.8375197,49.1503782
Break and Enter - Business,12600 110TH AVE,1,2020,20-3475,-122.8729642,49.202262
Break and Enter - Business,10400 138TH ST,1,2020,20-3665,-122.8375197,49.1503782
Break and Enter - Business,10800 CITY PKWY,1,2020,20-3697,-122.8487967,49.1989026
Break and Enter - Business,13500 106TH AVE,1,2020,20-3708,-122.8479065,49.19502019999999
Break and Enter - Business,10500 UNIVERSITY DR,1,2020,20-3804,-122.850623,49.193487
Break and Enter - Business,10200 133RD ST,1,2020,20-4133,-122.8540439,49.18798169999999
Break and Enter - Business,13600 100TH AVE,1,2020,20-6072,-122.8454059,49.1842491
Break and Enter - Business,11800 103A AVE,1,2020,20-6673,-122.8972328,49.1916054
Break and Enter - Business,10600 140TH ST,1,2020,20-6780,-122.8341186,49.1951639
Break and Enter - Business,10500 140TH ST,1,2020,20-7464,-122.8337766,49.1933418
Break and Enter - Business,13600 100TH AVE,1,2020,20-8005,-122.8454059,49.1842491
Break and Enter - Business,13900 101ST AVE,1,2020,20-8144,-122.837189,49.1860376
Break and Enter - Business,13200 108TH AVE,1,2020,20-8292,-122.8564806,49.1989606
Break and Enter - Business,10800 CITY PKWY,1,2020,20-8334,-122.8487967,49.1989026
Break and Enter - Business,12300 PATTULLO PL,1,2020,20-8517,-122.8801156,49.2041957
Break and Enter - Business,13600 94A AVE,1,2020,20-9247,-122.8455084,49.1746777
Break and Enter - Business,11000 OLSEN RD,1,2020,20-9516,-122.8904729,49.2024807
Break and Enter - Business,10400 132ND ST,1,2020,20-9860,-122.8564403,49.1916291
Break and Enter - Business,10200 CITY PKWY,1,2020,20-10230,-122.8477133,49.1885524
Break and Enter - Business,10400 138TH ST,1,2020,20-10567,-122.8375197,49.1503782
Break and Enter - Business,13600 100TH AVE,1,2020,20-10686,-122.8454059,49.1842491
Break and Enter - Business,12600 110TH AVE,1,2020,20-10947,-122.8729642,49.202262
Break and Enter - Business,11300 BRIDGEVIEW DR,1,2020,20-11490,-122.866623,49.2080218
Break and Enter - Business,13500 96TH AVE,1,2020,20-12756,-122.8484424,49.177046
Break and Enter - Business,11100 SCOTT RD,1,2020,20-12759,-122.8775273,49.20328840000001
Break and Enter - Business,13500 106TH AVE,1,2020,20-13642,-122.8479065,49.19502019999999
Break and Enter - Business,10600 138TH ST,1,2020,20-13664,-122.8393635,49.1952234
Break and Enter - Business,13300 104TH AVE,1,2020,20-13707,-122.853667,49.191512
Break and Enter - Business,10700 CITY PKWY,1,2020,20-14149,-122.8485042,49.1970999
Break and Enter - Business,9400 KING GEORGE BLVD,1,2020,20-14182,-122.8458645,49.1736894
Break and Enter - Business,10200 133RD ST,1,2020,20-14235,-122.8540439,49.18798169999999
Break and Enter - Business,10300 SCOTT RD,1,2020,20-14662,-122.8896965,49.1899333
Break and Enter - Business,9900 138TH ST,1,2020,20-14907,-122.8393622,49.18244139999999
Break and Enter - Residence,13300 104TH AVE,1,2020,20-426,-122.853667,49.191512
Break and Enter - Residence,12900 88TH AVE,1,2020,20-1215,-122.8653375,49.1625565
Break and Enter - Residence,13200 OLD YALE RD,1,2020,20-1896,-122.8556519,49.1874245
Break and Enter - Residence,12600 KING GEORGE BLVD,1,2020,20-3034,-122.8742839,49.2050413
Break and Enter - Residence,10800 CITY PKWY,1,2020,20-3771,-122.8487967,49.1989026
Break and Enter - Residence,13200 104TH AVE,1,2020,20-3842,-122.856726,49.1914792
Break and Enter - Residence,13200 105TH AVE,1,2020,20-4320,-122.8123885,49.1927388
Break and Enter - Residence,12800 114A AVE,1,2020,20-4501,-122.8674181,49.2105494
Break and Enter - Residence,10100 WHALLEY BLVD,1,2020,20-6603,-122.8432681,49.18613879999999
Break and Enter - Residence,10800 133A ST,1,2020,20-6634,-122.8522783,49.1833095
Break and Enter - Residence,9400 135TH ST,1,2020,20-8323,-122.848412,49.140869
Break and Enter - Residence,13300 105TH AVE,1,2020,20-9485,-122.8534239,49.1929613
Break and Enter - Residence,13300 114TH AVE,1,2020,20-11035,-122.8537045,49.2097899
Break and Enter - Residence,12600 112A AVE,1,2020,20-488,-122.8730477,49.2070199
Break and Enter - Business,7500 156TH ST,1,2020,20-856,-122.7900875,49.07456699999999
Break and Enter - Business,15900 96TH AVE,1,2020,20-1253,-122.7821539,49.176849
Break and Enter - Business,10300 152ND ST,1,2020,20-1806,-122.8003366,49.18950900000001
Break and Enter - Business,14300 104TH AVE,1,2020,20-2212,-122.8258725,49.1914725
Break and Enter - Business,15200 101ST AVE,1,2020,20-4860,-122.8014029,49.1856624
Break and Enter - Business,8900 152ND ST,1,2020,20-4982,-122.8008336,49.1646724
Break and Enter - Business,14800 108A AVE,1,2020,20-8482,-122.8124997,49.1998921
Break and Enter - Business,14300 104TH AVE,1,2020,20-8941,-122.8258725,49.1914725
Break and Enter - Business,14900 102A AVE,1,2020,20-8989,-122.8512498,49.1886388
Break and Enter - Business,15300 104TH AVE,1,2020,20-9352,-122.797932,49.1911686
Break and Enter - Business,10600 140TH ST,1,2020,20-9569,-122.8341186,49.1951639
Break and Enter - Business,14500 116A AVE,1,2020,20-9890,-122.820307,49.2142357
Break and Enter - Business,14800 104TH AVE,1,2020,20-12042,-122.8124332,49.1914609
Break and Enter - Business,14900 104TH AVE,1,2020,20-13816,-122.8092,49.1915
Break and Enter - Business,10300 152ND ST,1,2020,20-14999,-122.8003366,49.18950900000001
Break and Enter - Residence,15800 112TH AVE,1,2020,20-2017,-122.784355,49.206083
Break and Enter - Residence,14800 101A AVE,1,2020,20-2933,-122.8128205,49.1867029
Break and Enter - Residence,15400 82ND AVE,1,2020,20-4679,-122.795738,49.1519
Break and Enter - Residence,14800 103A AVE,1,2020,20-5133,-122.8122227,49.1906032
Break and Enter - Residence,8600 156TH ST,1,2020,20-6660,-122.7901428,49.1591525
Break and Enter - Residence,15800 99TH AVE,1,2020,20-7201,-122.7842554,49.1822784
Break and Enter - Residence,15700 98TH AVE,1,2020,20-9048,-122.787113,49.18063000000001
Break and Enter - Residence,14300 108TH AVE,1,2020,20-9525,-122.8258543,49.1985815
Break and Enter - Residence,15000 88TH AVE,1,2020,20-9876,-122.806938,49.162797
Break and Enter - Residence,9000 164TH ST,1,2020,20-10641,-122.7677213,49.16671299999999
Break and Enter - Residence,14800 100TH AVE,1,2020,20-16115,-122.8122772,49.1841227
Break and Enter - Residence,14900 104TH AVE,1,2020,20-16158,-122.8092,49.1915
Break and Enter - Business,13100 80TH AVE,1,2020,20-1670,-122.8599599,49.1476748
Break and Enter - Business,13500 84TH AVE,1,2020,20-2270,-122.8485967,49.1552113
Break and Enter - Business,7800 132ND ST,1,2020,20-2865,-122.8567819,49.14456490000001
Break and Enter - Business,7400 140TH ST,1,2020,20-3789,-122.8344657,49.1372641
Break and Enter - Business,7400 135TH ST,1,2020,20-3840,-122.8480601,49.1368575
Break and Enter - Business,6000 156TH ST,1,2020,20-4502,-122.7893209,49.1114593
Break and Enter - Business,8100 128TH ST,1,2020,20-6460,-122.8679757,49.1499476
Break and Enter - Business,12800 85TH AVE,1,2020,20-6596,-122.7992741,49.1572086
Break and Enter - Business,7500 132ND ST,1,2020,20-6759,-122.8562457,49.1391968
Break and Enter - Business,13000 76TH AVE,1,2020,20-7067,-122.8618301,49.14097899999999
Break and Enter - Business,13700 72ND AVE,1,2020,20-7125,-122.8427847,49.1335284
Break and Enter - Business,8000 128TH ST,1,2020,20-7972,-122.867906,49.1482199
Break and Enter - Business,8100 120A ST,1,2020,20-8043,-122.8881419,49.14898290000001
Break and Enter - Business,8000 120A ST,1,2020,20-10446,-122.8881348,49.1486518
Break and Enter - Business,15100 56TH AVE,1,2020,20-10943,-122.8061194,49.1042022
Break and Enter - Business,13500 72ND AVE,1,2020,20-13123,-122.8483889,49.1335337
Break and Enter - Business,14700 64TH AVE,1,2020,20-13296,-122.8150381,49.1186419
Break and Enter - Business,6300 KING GEORGE BLVD,1,2020,20-13755,-122.8453214,49.11720099999999
Break and Enter - Business,8100 128TH ST,1,2020,20-14305,-122.8679757,49.1499476
Break and Enter - Business,14700 64TH AVE,1,2020,20-14439,-122.8150381,49.1186419
Break and Enter - Business,12800 72ND AVE,1,2020,20-14727,-122.8673112,49.13377450000001
Break and Enter - Business,13400 71ST AVE,1,2020,20-15333,-122.7016607,49.1319664
Break and Enter - Business,8600 KING GEORGE BLVD,1,2020,20-15472,-122.845846,49.1596693
Break and Enter - Business,7100 HALL RD,1,2020,20-15971,-122.8470118,49.13235359999999
Break and Enter - Business,12000 80TH AVE,1,2020,20-1190,-122.8896462,49.14853429999999
Break and Enter - Residence,13300 70B AVE,1,2020,20-1293,-122.8537259,49.1311657
Break and Enter - Residence,6200 130B ST,1,2020,20-1475,-122.8601387,49.1150229
Break and Enter - Residence,7000 141ST ST,1,2020,20-3293,-122.8313097,49.1301648
Break and Enter - Residence,14900 61A AVE,1,2020,20-3362,-122.8091727,49.114932
Break and Enter - Residence,14800 72ND AVE,1,2020,20-3398,-122.812159,49.1337
Break and Enter - Residence,13600 76TH AVE,1,2020,20-9353,-122.848412,49.140869
Break and Enter - Residence,12300 57A AVE,1,2020,20-9460,-122.7365163,49.1068861
Break and Enter - Residence,13400 78A AVE,1,2020,20-9677,-122.851258,49.1454126
Break and Enter - Residence,7500 143RD ST,1,2020,20-11686,-122.8270846,49.1395761
Break and Enter - Residence,6200 134TH ST,1,2020,20-12021,-122.8508075,49.1155624
Break and Enter - Residence,14800 57A AVE,1,2020,20-15805,-122.8123122,49.1070765
Break and Enter - Residence,7000 150TH ST,1,2020,20-16582,-122.8065977,49.1300775
Break and Enter - Residence,5900 131A ST,1,2020,20-16882,-122.857592,49.1098191
Break and Enter - Business,5500 192ND ST,1,2020,20-133,-122.6911716,49.1026343
Break and Enter - Business,18500 96TH AVE,1,2020,20-2633,-122.7089252,49.1769971
Break and Enter - Business,19400 96TH AVE,1,2020,20-3154,-122.6848926,49.1768047
Break and Enter - Business,19400 54TH AVE,1,2020,20-3169,-122.6860951,49.1003105
Break and Enter - Business,17600 96TH AVE,1,2020,20-3339,-122.7340982,49.1766744
Break and Enter - Business,17700 57TH AVE,1,2020,20-6047,-122.7319607,49.1057425
Break and Enter - Business,19000 54TH AVE,1,2020,20-6369,-122.6961325,49.1002673
Break and Enter - Business,9400 189TH ST,1,2020,20-6463,-122.6983626,49.1740297
Break and Enter - Business,19000 54TH AVE,1,2020,20-7472,-122.6961325,49.1002673
Break and Enter - Business,5900 177B ST,1,2020,20-8605,-122.7303116,49.1095958
Break and Enter - Business,19500 LANGLEY BPS,1,2020,20-9835,-122.6825498,49.1079033
Break and Enter - Business,17700 58A AVE,1,2020,20-10002,-122.7322807,49.1086953
Break and Enter - Business,6400 168TH ST,1,2020,20-10939,-122.7564988,49.1189986
Break and Enter - Business,17500 55B AVE,1,2020,20-11028,-122.7371193,49.1031588
Break and Enter - Business,17600 JAMES HILL DR,1,2020,20-13061,-122.8490125,49.1913466
Break and Enter - Business,5800 177B ST,1,2020,20-15250,-122.7299801,49.1078406
Break and Enter - Business,60500 176TH ST,1,2020,20-15266,-122.7350746,49.0918921
Break and Enter - Business,17700 58A AVE,1,2020,20-15277,-122.7322807,49.1086953
Break and Enter - Business,9700 186TH ST,1,2020,20-15834,-122.7077007,49.1787237
Break and Enter - Business,5900 176A ST,1,2020,20-16117,-122.7333521,49.1095571
Break and Enter - Residence,18300 60TH AVE,1,2020,20-2187,-122.7154516,49.1111398
Break and Enter - Residence,7000 193RD ST,1,2020,20-2826,-122.6879881,49.1301233
Break and Enter - Residence,19300 63A AVE,1,2020,20-4392,-122.6879051,49.11817970000001
Break and Enter - Residence,6400 172ND ST,1,2020,20-4640,-122.7460195,49.118785
Break and Enter - Residence,19200 71ST AVE,1,2020,20-6753,-122.6962242,49.1320719
Break and Enter - Residence,18900 69A AVE,1,2020,20-8551,-122.6984133,49.1292325
Break and Enter - Residence,17300 64TH AVE,1,2020,20-8699,-122.7429582,49.1186169
Break and Enter - Residence,6100 168TH ST,1,2020,20-8982,-122.7565515,49.1132769
Break and Enter - Residence,16700 63B AVE,1,2020,20-10407,-122.7598882,49.1178559
Break and Enter - Residence,9800 LYNCEAN DR,1,2020,20-11454,-122.7257478,49.1815062
Break and Enter - Residence,17700 57TH AVE,1,2020,20-14802,-122.7319607,49.1057425
Break and Enter - Residence,17400 61B AVE,1,2020,20-15143,-122.7383415,49.1144389
Break and Enter - Residence,5900 176A ST,1,2020,20-15320,-122.7333521,49.1095571
Break and Enter - Residence,19300 62A AVE,1,2020,20-15756,-122.7969736,49.11668
Break and Enter - Residence,19400 63A AVE,1,2020,20-16958,-122.6855917,49.1179244
Break and Enter - Business,15300 31ST AVE,1,2020,20-1186,-122.7946563,49.0582697
Break and Enter - Business,15300 20TH AVE,1,2020,20-2798,-122.7983577,49.03803509999999
Break and Enter - Business,STAYTE RD / MARINE DR,1,2020,20-7492,-122.7792703,49.01659679999999
Break and Enter - Business,15900 26TH AVE,1,2020,20-8069,-122.7821083,49.0484872
Break and Enter - Business,3400 191ST ST,1,2020,20-9875,-122.6936472,49.0644948
Break and Enter - Business,3500 190TH ST,1,2020,20-9898,-122.6969752,49.06584410000001
Break and Enter - Business,2600 156TH ST,1,2020,20-12637,-122.789893,49.0486099
Break and Enter - Business,3000 192ND ST,1,2020,20-12837,-122.690729,49.0565347
Break and Enter - Business,2400 161A ST,1,2020,20-13148,-122.7752171,49.0463375
Break and Enter - Business,14600 16TH AVE,1,2020,20-13751,-122.8174569,49.0311682
Break and Enter - Business,1900 152ND ST,1,2020,20-14824,-122.8011176,49.0365715
Break and Enter - Business,15300 31ST AVE,1,2020,20-15369,-122.7946563,49.0582697
Break and Enter - Business,3700 190TH ST,1,2020,20-15881,-122.6969802,49.0693105
Break and Enter - Residence,16700 24TH AVE,1,2020,20-742,-122.7597716,49.0456423
Break and Enter - Residence,17300 26TH AVE,1,2020,20-1849,-122.7437713,49.04922759999999
Break and Enter - Residence,15700 WILLS BROOK WAY,1,2020,20-2825,-122.7875715,49.0548431
Break and Enter - Residence,16300 23A AVE,1,2020,20-3737,-122.767599,49.0447229
Break and Enter - Residence,13900 32ND AVE,1,2020,20-5307,-122.837483,49.060255
Break and Enter - Residence,1600 140TH ST,1,2020,20-5460,-122.834363,49.0312503
Break and Enter - Residence,1800 145TH ST,1,2020,20-5781,-122.8200721,49.0348225
Break and Enter - Residence,1800 AMBLE GREENE BLVD,1,2020,20-6058,-122.8540073,49.034687
Break and Enter - Residence,2600 144TH ST,1,2020,20-6845,-122.8232739,49.0492068
Break and Enter - Residence,14800 17TH AVE,1,2020,20-7069,-122.8113237,49.0327407
Break and Enter - Residence,15000 20TH AVE,1,2020,20-7628,-122.8067026,49.0383921
Break and Enter - Residence,3600 DEVONSHIRE DR,1,2020,20-7974,-122.7851234,49.0675626
Break and Enter - Residence,14200 20TH AVE,1,2020,20-8478,-122.829361,49.0384444
Break and Enter - Residence,14000 27A AVE,1,2020,20-8574,-122.8066884,49.0518443
Break and Enter - Residence,3500 194TH ST,1,2020,20-8739,-122.6851475,49.0655029
Break and Enter - Residence,15900 26TH AVE,1,2020,20-9122,-122.7821083,49.0484872
Break and Enter - Residence,3500 194TH ST,1,2020,20-10468,-122.6851475,49.0655029
Break and Enter - Residence,17100 0A AVE,1,2020,20-11092,-122.7469803,49.00300120000001
Break and Enter - Residence,15500 ROSEMARY HEIGHTS CRES,1,2020,20-10662,-122.7926762,49.06129430000001
Break and Enter - Residence,14300 26TH AVE,1,2020,20-11488,-122.8260788,49.0490231
Break and Enter - Residence,1800 128A ST,1,2020,20-11772,-122.8658355,49.0354287
Break and Enter - Residence,16300 23A AVE,1,2020,20-11991,-122.767599,49.0447229
Break and Enter - Residence,13300 26TH AVE,1,2020,20-12033,-122.8537327,49.0491578
Break and Enter - Residence,16000 16TH AVE,1,2020,20-12317,-122.779241,49.0310255
Break and Enter - Residence,2600 141ST ST,1,2020,20-13356,-122.8316695,49.0493299
Break and Enter - Residence,2200 133A ST,1,2020,20-13692,-122.8527892,49.1531416
Break and Enter - Residence,13100 CRESCENT RD,1,2020,20-13782,-122.8591274,49.0559987
Break and Enter - Residence,1700 142ND ST,1,2020,20-13938,-122.8276491,49.0332782
Break and Enter - Residence,1900 169TH ST,1,2020,20-14175,-122.7540739,49.0360253
Break and Enter - Residence,17400 16TH AVE,1,2020,20-15012,-122.7402691,49.0309381
Break and Enter - Residence,17500 20TH AVE,1,2020,20-15329,-122.7379386,49.03807279999999
Break and Enter - Residence,14100 25A AVE,1,2020,20-16182,-122.8314972,49.0481701
Break and Enter - Residence,16900 23RD AVE,1,2020,20-17617,-122.7541529,49.0439321
Break and Enter - Residence,2500 141ST ST,1,2020,20-18691,-122.8311286,49.0474957
Theft from Motor Vehicle,12800 92A AVE,1,2020,20-8155,-122.8675229,49.17061289999999
Theft from Motor Vehicle,13700 105A AVE,1,2020,20-10394,-122.8424156,49.1944309
Theft from Motor Vehicle,10300 SCOTT RD,1,2020,20-14811,-122.8896965,49.1899333
Theft from Motor Vehicle,15500 96B AVE,1,2020,20-1996,-122.7926138,49.1775856
Theft from Motor Vehicle,10700 142A ST,1,2020,20-7996,-122.8272604,49.1970823
Theft from Motor Vehicle,10700 GUILDFORD DR,1,2020,20-10118,-122.8000125,49.19689409999999
Theft of Motor Vehicle,10000 122ND ST,1,2020,20-504,-122.8837353,49.18461869999999
Theft of Motor Vehicle,112TH AVE / 124TH ST,1,2020,20-3430,-122.8786656,49.2063735
Theft of Motor Vehicle,13000 92ND AVE,1,2020,20-3725,-122.8601891,49.16960659999999
Theft of Motor Vehicle,13000 95TH AVE,1,2020,20-4885,-122.8613498,49.1755314
Theft of Motor Vehicle,8800 LAUDER DR,1,2020,20-7017,-122.8413801,49.1633806
Theft of Motor Vehicle,13300 105TH AVE,1,2020,20-7625,-122.8534239,49.1929613
Theft of Motor Vehicle,12500 110TH AVE,1,2020,20-8038,-122.8759358,49.2026455
Theft of Motor Vehicle,9400 KING GEORGE BLVD,1,2020,20-8065,-122.8458645,49.1736894
Theft of Motor Vehicle,10600 138TH ST,1,2020,20-12292,-122.8393635,49.1952234
Theft of Motor Vehicle,13700 96TH AVE,1,2020,20-12697,-122.8433592,49.17649170000001
Theft of Motor Vehicle,122ND ST / 95TH AVE,1,2020,20-13260,-122.884656,49.175427
Theft of Motor Vehicle,10100 KING GEORGE BLVD,1,2020,20-15416,-122.845107,49.186183
Theft of Motor Vehicle,12300 91ST AVE,1,2020,20-15893,-122.8803616,49.16874079999999
Theft of Motor Vehicle,13200 108TH AVE,1,2020,20-8292,-122.8564806,49.1989606
Theft of Motor Vehicle,10600 138TH ST,1,2020,20-13664,-122.8393635,49.1952234
Theft of Motor Vehicle,12500 116TH AVE,1,2020,20-7639,-122.8757279,49.212561
Theft of Motor Vehicle,12500 113B AVE,1,2020,20-8997,-122.8757323,49.2087018
Theft of Motor Vehicle,13400 KING GEORGE BLVD,1,2020,20-1247,-122.8510407,49.202303
Theft of Motor Vehicle,13800 100TH AVE,1,2020,20-1927,-122.8395521,49.1842116
Theft of Motor Vehicle,9600 137TH ST,1,2020,20-2905,-122.842503,49.1369397
Theft of Motor Vehicle,10600 WHALLEY BLVD,1,2020,20-3056,-122.8420955,49.195243
Theft of Motor Vehicle,140TH ST / 104TH AVE,1,2020,20-3336,-122.8341455,49.19143099999999
Theft of Motor Vehicle,11100 135A ST,1,2020,20-3507,-122.8464896,49.20441169999999
Theft of Motor Vehicle,12600 90A AVE,1,2020,20-3750,-122.8736341,49.1673451
Theft of Motor Vehicle,12600 112A AVE,1,2020,20-5125,-122.8730477,49.2070199
Theft of Motor Vehicle,13000 96TH AVE,1,2020,20-5217,-122.862445,49.177086
Theft of Motor Vehicle,10200 CITY PKWY,1,2020,20-5248,-122.8477133,49.1885524
Theft of Motor Vehicle,12500 110TH AVE,1,2020,20-5391,-122.8759358,49.2026455
Theft of Motor Vehicle,9100 138A ST,1,2020,20-5444,-122.8383481,49.1492096
Theft of Motor Vehicle,13000 112TH AVE,1,2020,20-6588,-122.8619065,49.2064208
Theft of Motor Vehicle,90TH AVE / 144TH ST,1,2020,20-6847,-122.8234188,49.1669206
Theft of Motor Vehicle,127TH ST / 104A AVE,1,2020,20-7618,-122.8708959,49.1925015
Theft of Motor Vehicle,10100 KING GEORGE BLVD,1,2020,20-8561,-122.845107,49.186183
Theft of Motor Vehicle,10100 KING GEORGE BLVD,1,2020,20-8594,-122.845107,49.186183
Theft of Motor Vehicle,14100 89B AVE,1,2020,20-10463,-122.831072,49.165808
Theft of Motor Vehicle,12400 113TH AVE,1,2020,20-11542,-122.8783122,49.2077724
Theft of Motor Vehicle,10100 KING GEORGE BLVD,1,2020,20-11679,-122.845107,49.186183
Theft of Motor Vehicle,10100 KING GEORGE BLVD,1,2020,20-12413,-122.845107,49.186183
Theft of Motor Vehicle,96TH AVE / KING GEORGE BLVD,1,2020,20-12453,-122.8456401,49.1770793
Theft of Motor Vehicle,12100 MUSQUEAM DR,1,2020,20-13766,-122.885702,49.2071185
Theft of Motor Vehicle,10000 128A ST,1,2020,20-14202,-122.8657326,49.1846097
Theft of Motor Vehicle,129TH ST / 115B AVE,1,2020,20-14204,-122.8646538,49.2127097
Theft of Motor Vehicle,10200 125TH ST,1,2020,20-14267,-122.8751774,49.188273
Theft of Motor Vehicle,10100 KING GEORGE BLVD,1,2020,20-14457,-122.845107,49.186183
Theft of Motor Vehicle,13400 CENTRAL AVE,1,2020,20-14485,-122.8503394,49.190124
Theft of Motor Vehicle,13200 100TH AVE,1,2020,20-15293,-122.8565405,49.184382
Theft of Motor Vehicle,12500 106A AVE,1,2020,20-15359,-122.8222364,49.1958506
Theft of Motor Vehicle,13300 104TH AVE,1,2020,20-15599,-122.853667,49.191512
Theft of Motor Vehicle,12500 110TH AVE,1,2020,20-15613,-122.8759358,49.2026455
Theft of Motor Vehicle,11100 124TH ST,1,2020,20-15658,-122.8786244,49.2043332
Theft of Motor Vehicle,11100 SCOTT RD,1,2020,20-1173,-122.8775273,49.20328840000001
Theft of Motor Vehicle,12700 114TH AVE,1,2020,20-3179,-122.8701417,49.20959149999999
Theft of Motor Vehicle,9000 139TH ST,1,2020,20-5494,-122.8370147,49.1676502
Theft of Motor Vehicle,11900 OLD YALE RD,1,2020,20-1708,-122.892268,49.2042374
Theft of Motor Vehicle,13800 GROSVENOR RD,1,2020,20-10465,-122.8394076,49.2020097
Theft of Motor Vehicle,12800 105A AVE,1,2020,20-3384,-122.868001,49.19436959999999
Theft of Motor Vehicle,10000 PARK DR,1,2020,20-10790,-122.8737924,49.1847578
Theft of Motor Vehicle,10100 KING GEORGE BLVD,1,2020,20-15426,-122.845107,49.186183
Theft of Motor Vehicle,15200 93A AVE,1,2020,20-3312,-122.7995694,49.17240349999999
Theft of Motor Vehicle,10700 150TH ST,1,2020,20-4360,-122.8053479,49.1967644
Theft of Motor Vehicle,160TH ST / 103RD AVE,1,2020,20-5124,-122.7785156,49.1893678
Theft of Motor Vehicle,14600 105A AVE,1,2020,20-7042,-122.8175919,49.1937234
Theft of Motor Vehicle,14900 100TH AVE,1,2020,20-7981,-122.8104324,49.1841809
Theft of Motor Vehicle,8400 151A ST,1,2020,20-11501,-122.8019298,49.19509
Theft of Motor Vehicle,9600 155TH ST,1,2020,20-13191,-122.7928689,49.1769318
Theft of Motor Vehicle,15900 84TH AVE,1,2020,20-14384,-122.7821747,49.1552477
Theft of Motor Vehicle,15400 110A AVE,1,2020,20-14723,-122.7953402,49.203178
Theft of Motor Vehicle,15700 98TH AVE,1,2020,20-9048,-122.787113,49.18063000000001
Theft of Motor Vehicle,8600 150TH ST,1,2020,20-8913,-122.80642,49.1812526
Theft of Motor Vehicle,14000 113A AVE,1,2020,20-5767,-122.83424,49.2085945
Theft of Motor Vehicle,11300 141A ST,1,2020,20-9019,-122.8304104,49.2086234
Theft of Motor Vehicle,14900 FRASER HWY,1,2020,20-1893,-122.8092052,49.1690048
Theft of Motor Vehicle,9200 148A ST,1,2020,20-2695,-122.810602,49.170125
Theft of Motor Vehicle,15400 94TH AVE,1,2020,20-2724,-122.795735,49.173527
Theft of Motor Vehicle,146TH ST / 110A AVE,1,2020,20-3221,-122.8180908,49.2031568
Theft of Motor Vehicle,10400 150TH ST,1,2020,20-3860,-122.8064117,49.191529
Theft of Motor Vehicle,14800 101A AVE,1,2020,20-5665,-122.8128205,49.1867029
Theft of Motor Vehicle,15500 FRASER HWY,1,2020,20-6988,-122.7924237,49.1625075
Theft of Motor Vehicle,15400 BLOCK 91ST AVE,1,2020,20-7023,-122.7956187,49.1680964
Theft of Motor Vehicle,15200 TRANS CANADA HWY,1,2020,20-8388,-76.2279661,44.9909048
Theft of Motor Vehicle,14100 108TH AVE,1,2020,20-9494,-122.8312724,49.1988366
Theft of Motor Vehicle,10400 155TH ST,1,2020,20-10315,-122.7925652,49.1851339
Theft of Motor Vehicle,15600 82ND AVE,1,2020,20-10607,-122.7899413,49.1518679
Theft of Motor Vehicle,15400 85TH AVE,1,2020,20-10998,-122.7966468,49.1569931
Theft of Motor Vehicle,10700 150TH ST,1,2020,20-11785,-122.8053479,49.1967644
Theft of Motor Vehicle,10700 150TH ST,1,2020,20-12222,-122.8053479,49.1967644
Theft of Motor Vehicle,8300 155A ST,1,2020,20-14189,-122.7909842,49.1537045
Theft of Motor Vehicle,15500 84TH AVE,1,2020,20-15234,-122.7927991,49.155279
Theft of Motor Vehicle,101ST AVE / 153RD ST,1,2020,20-15272,-122.798135,49.186145
Theft of Motor Vehicle,GUILDFORD TOWN CNTR / MALL ACCESS,1,2020,20-15318,-122.8033251,49.1896613
Theft of Motor Vehicle,14300 114TH AVE,1,2020,20-15323,-122.8252713,49.2102935
Theft of Motor Vehicle,9300 152ND ST,1,2020,20-15799,-122.8008691,49.1719441
Theft of Motor Vehicle,15500 89A AVE,1,2020,20-15912,-122.7924623,49.1649337
Theft of Motor Vehicle,10300 152ND ST,1,2020,20-2449,-122.8003366,49.18950900000001
Theft of Motor Vehicle,10300 152ND ST,1,2020,20-2836,-122.8003366,49.18950900000001
Theft of Motor Vehicle,11300 GLEN AVON DR,1,2020,20-3186,-122.8108123,49.20781359999999
Theft of Motor Vehicle,10300 145A ST,1,2020,20-15454,-122.818958,49.189542
Theft of Motor Vehicle,14900 102A AVE,1,2020,20-8989,-122.8512498,49.1886388
Theft of Motor Vehicle,103A AVE / 142ND ST,1,2020,20-13427,-122.8286403,49.1905182
Theft of Motor Vehicle,13000 57B AVE,1,2020,20-1135,-122.8617915,49.1074452
Theft of Motor Vehicle,12000 NEW MCLELLAN RD,1,2020,20-1780,-122.8903404,49.1025161
Theft of Motor Vehicle,7900 KING GEORGE BLVD,1,2020,20-2834,-122.8453433,49.1464226
Theft of Motor Vehicle,6200 142B ST,1,2020,20-3920,-122.8261241,49.2008828
Theft of Motor Vehicle,7000 144B ST,1,2020,20-7535,-122.8206627,49.1309772
Theft of Motor Vehicle,150TH ST / 58A AVE,1,2020,20-8469,-122.8066347,49.1092902
Theft of Motor Vehicle,14200 86TH AVE,1,2020,20-8516,-122.8290002,49.159624
Theft of Motor Vehicle,14700 64TH AVE,1,2020,20-13248,-122.8150381,49.1186419
Theft of Motor Vehicle,12400 82ND AVE,1,2020,20-14394,-122.8791038,49.1520486
Theft of Motor Vehicle,14900 59A AVE,1,2020,20-15884,-122.8094349,49.1105709
Theft of Motor Vehicle,7100 136B ST,1,2020,20-16267,-122.8435083,49.131665
Theft of Motor Vehicle,14700 64TH AVE,1,2020,20-11688,-122.8150381,49.1186419
Theft of Motor Vehicle,14800 57A AVE,1,2020,20-15805,-122.8123122,49.1070765
Theft of Motor Vehicle,7500 129A ST,1,2020,20-2730,-122.8636039,49.1389389
Theft of Motor Vehicle,14000 73RD AVE,1,2020,20-3216,-122.6925362,49.1352103
Theft of Motor Vehicle,8300 133A ST,1,2020,20-3223,-122.8525052,49.1536091
Theft of Motor Vehicle,12400 64TH AVE,1,2020,20-4280,-122.8790032,49.119196
Theft of Motor Vehicle,12700 80TH AVE,1,2020,20-9853,-122.8707863,49.1482135
Theft of Motor Vehicle,14700 64TH AVE,1,2020,20-641,-122.8150381,49.1186419
Theft of Motor Vehicle,5700 133RD ST,1,2020,20-7651,-122.8538132,49.1825492
Theft of Motor Vehicle,12300 83A AVE,1,2020,20-967,-122.8082191,49.1544342
Theft of Motor Vehicle,75A AVE / 144A ST,1,2020,20-4307,-122.8213017,49.1402492
Theft of Motor Vehicle,8400 141A ST,1,2020,20-9497,-122.8303259,49.1545297
Theft of Motor Vehicle,13700 72ND AVE,1,2020,20-11214,-122.8427847,49.1335284
Theft of Motor Vehicle,13400 72ND AVE,1,2020,20-13770,-122.8513925,49.1334771
Theft of Motor Vehicle,13500 88TH AVE,1,2020,20-14158,-122.8485839,49.162509
Theft of Motor Vehicle,13300 61A AVE,1,2020,20-14776,-122.8539277,49.114496
Theft of Motor Vehicle,134TH ST / 70B AVE,1,2020,20-15448,-122.8511414,49.1308189
Theft of Motor Vehicle,7200 145A ST,1,2020,20-15861,-122.8190134,49.1337669
Theft of Motor Vehicle,5900 131A ST,1,2020,20-16882,-122.857592,49.1098191
Theft of Motor Vehicle,15300 67TH AVE,1,2020,20-15982,-122.7975134,49.1244294
Theft of Motor Vehicle,14300 HAWKSTREAM DR,1,2020,20-2939,-122.8267397,49.1489343
Theft of Motor Vehicle,6000 145A ST,1,2020,20-14797,-122.8190134,49.1337669
Theft of Motor Vehicle,18700 88TH AVE,1,2020,20-3143,-122.7045363,49.1623421
Theft of Motor Vehicle,7100 177A ST,1,2020,20-5097,-122.7286731,49.131616
Theft of Motor Vehicle,18500 53RD AVE,1,2020,20-5654,-122.709794,49.0988648
Theft of Motor Vehicle,6400 184A ST,1,2020,20-6412,-122.7108677,49.1180596
Theft of Motor Vehicle,6400 195A ST,1,2020,20-7734,-122.6814293,49.11922939999999
Theft of Motor Vehicle,17700 60TH AVE,1,2020,20-8454,-122.7324348,49.1112896
Theft of Motor Vehicle,59A AVE / 177B ST,1,2020,20-9002,-122.73031,49.110513
Theft of Motor Vehicle,177A ST / 101ST AVE,1,2020,20-9161,-122.7307032,49.1862286
Theft of Motor Vehicle,16500 59A AVE,1,2020,20-12054,-122.7660645,49.1107848
Theft of Motor Vehicle,5800 177B ST,1,2020,20-13241,-122.7299801,49.1078406
Theft of Motor Vehicle,6000 MORGAN DR,1,2020,20-14742,-122.716055,49.1116444
Theft of Motor Vehicle,16700 63B AVE,1,2020,20-10407,-122.7598882,49.1178559
Theft of Motor Vehicle,9500 192ND ST,1,2020,20-4339,-122.6899462,49.1752502
Theft of Motor Vehicle,6000 189TH ST,1,2020,20-7502,-122.6994409,49.1115179
Theft of Motor Vehicle,17500 64TH AVE,1,2020,20-10462,-122.7378978,49.118355
Theft of Motor Vehicle,19200 68A AVE,1,2020,20-10959,-122.6909701,49.1271502
Theft of Motor Vehicle,9800 181ST ST,1,2020,20-11085,-122.7208763,49.1809638
Theft of Motor Vehicle,9800 181ST ST,1,2020,20-11085,-122.7208763,49.1809638
Theft of Motor Vehicle,176TH ST OFRP / TRANS CANADA HWY,1,2020,20-971,-122.7350746,49.0918921
Theft of Motor Vehicle,19000 72A AVE,1,2020,20-1719,-122.6958086,49.1344857
Theft of Motor Vehicle,5800 177B ST,1,2020,20-6179,-122.7299801,49.1078406
Theft of Motor Vehicle,7100 189TH ST,1,2020,20-8495,-122.6982457,49.13188419999999
Theft of Motor Vehicle,19400 63A AVE,1,2020,20-8718,-122.6855917,49.1179244
Theft of Motor Vehicle,18900 70B AVE,1,2020,20-11121,-122.6983792,49.1311548
Theft of Motor Vehicle,6100 SUNDANCE DR,1,2020,20-14203,-122.713394,49.1146866
Theft of Motor Vehicle,94TH AVE / 190TH ST,1,2020,20-16208,-122.69604,49.173392
Theft of Motor Vehicle,186TH ST / 60TH AVE,1,2020,20-17660,-122.707143,49.111389
Theft of Motor Vehicle,18700 68TH AVE,1,2020,20-3141,-122.7042715,49.126099
Theft of Motor Vehicle,168TH ST / 60TH AVE,1,2020,20-9847,-122.7567187,49.11154759999999
Theft of Motor Vehicle,5900 177B ST,1,2020,20-14377,-122.7303116,49.1095958
Theft of Motor Vehicle,18600 57TH AVE,1,2020,20-16783,-122.727518,49.105824
Theft of Motor Vehicle,18800 52ND AVE,1,2020,20-2921,-122.701599,49.0971084
Theft of Motor Vehicle,17700 58A AVE,1,2020,20-10002,-122.7322807,49.1086953
Theft of Motor Vehicle,16000 14TH AVE,1,2020,20-2676,-122.8457794,49.0276854
Theft of Motor Vehicle,2800 MCKENZIE AVE,1,2020,20-8459,-122.8827411,49.0534257
Theft of Motor Vehicle,15500 BLOCK ROSEMARY HEIGHTS CRES,1,2020,20-10621,-122.7926762,49.06129430000001
Theft of Motor Vehicle,15800 24TH AVE,1,2020,20-13704,-122.7851669,49.0455092
Theft of Motor Vehicle,16400 18TH AVE,1,2020,20-13706,-122.7681906,49.0347047
Theft of Motor Vehicle,14900 24A AVE,1,2020,20-13712,-122.8095486,49.0463269
Theft of Motor Vehicle,3100 184TH ST,1,2020,20-16378,-122.7126194,49.0581555
Theft of Motor Vehicle,16300 23A AVE,1,2020,20-3737,-122.767599,49.0447229
Theft of Motor Vehicle,1600 140TH ST,1,2020,20-5460,-122.834363,49.0312503
Theft of Motor Vehicle,14300 26TH AVE,1,2020,20-11488,-122.8260788,49.0490231
Theft of Motor Vehicle,16300 23A AVE,1,2020,20-11991,-122.767599,49.0447229
Theft of Motor Vehicle,3600 DEVONSHIRE DR,1,2020,20-7974,-122.7851234,49.0675626
Theft of Motor Vehicle,15400 48TH AVE,1,2020,20-12392,-122.7901345,49.0897977
Theft of Motor Vehicle,15200 34TH AVE,1,2020,20-3761,-122.801278,49.0637503
Theft of Motor Vehicle,3100 141ST ST,1,2020,20-5446,-122.8307477,49.0582468
Theft of Motor Vehicle,2300 160TH ST,1,2020,20-6209,-122.7787511,49.04480179999999
Theft of Motor Vehicle,2800 128TH ST,1,2020,20-9565,-122.8671159,49.1025326
Theft of Motor Vehicle,17100 24TH AVE,1,2020,20-3717,-122.7486803,49.0452941
Theft of Motor Vehicle,2600 156TH ST,1,2020,20-12637,-122.789893,49.0486099
Theft of Motor Vehicle,1700 AMBLE GREENE DR,1,2020,20-6083,-122.8582443,49.0331655
Theft of Motor Vehicle,3000 160TH ST,1,2020,20-5508,-122.7790257,49.05650319999999
Theft of Motor Vehicle,3100 184TH ST,1,2020,20-16378,-122.7126194,49.0581555
Theft from Motor Vehicle,13300 CENTRAL AVE,1,2020,20-541,-122.8543132,49.1905819
Theft from Motor Vehicle,12700 96A AVE,1,2020,20-607,-122.8705721,49.1778708
Theft from Motor Vehicle,9100 147A ST,1,2020,20-622,-122.813401,49.1682612
Theft from Motor Vehicle,11000 136TH ST,1,2020,20-707,-122.844707,49.2029618
Theft from Motor Vehicle,KING GEORGE BLVD / 96TH AVE,1,2020,20-713,-122.8456401,49.1770793
Theft from Motor Vehicle,12000 96TH AVE,1,2020,20-726,-122.8911495,49.17682629999999
Theft from Motor Vehicle,9000 PRINCE CHARLES BLVD,1,2020,20-1112,-122.8676325,49.1664571
Theft from Motor Vehicle,13000 103A AVE,1,2020,20-1164,-122.8620521,49.1907204
Theft from Motor Vehicle,13100 106TH AVE,1,2020,20-1166,-122.8597569,49.1949243
Theft from Motor Vehicle,13000 107A AVE,1,2020,20-1199,-122.8624021,49.1979756
Theft from Motor Vehicle,12500 KING GEORGE BLVD,1,2020,20-1356,-122.8796898,49.2059772
Theft from Motor Vehicle,13300 104TH AVE,1,2020,20-1392,-122.853667,49.191512
Theft from Motor Vehicle,13700 96TH AVE,1,2020,20-1687,-122.8433592,49.17649170000001
Theft from Motor Vehicle,9000 PRINCE CHARLES BLVD,1,2020,20-1743,-122.8676325,49.1664571
Theft from Motor Vehicle,13500 113TH AVE,1,2020,20-1791,-122.8481649,49.20807550000001
Theft from Motor Vehicle,10000 WHALLEY BLVD,1,2020,20-1833,-122.843169,49.1843253
Theft from Motor Vehicle,13600 100TH AVE,1,2020,20-800008,-122.8454059,49.1842491
Theft from Motor Vehicle,9400 128TH ST,1,2020,20-2174,-122.8675209,49.1736188
Theft from Motor Vehicle,9800 KING GEORGE BLVD,1,2020,20-2377,-122.8455116,49.1801408
Theft from Motor Vehicle,13400 CENTRAL AVE,1,2020,20-2398,-122.8503394,49.190124
Theft from Motor Vehicle,9600 134TH ST,1,2020,20-2734,-122.8513338,49.1773961
Theft from Motor Vehicle,13200 OLD YALE RD,1,2020,20-2747,-122.8556519,49.1874245
Theft from Motor Vehicle,10100 KING GEORGE BLVD,1,2020,20-2976,-122.845107,49.186183
Theft from Motor Vehicle,10100 KING GEORGE BLVD,1,2020,20-3202,-122.845107,49.186183
Theft from Motor Vehicle,13600 GROSVENOR RD,1,2020,20-3332,-122.8448092,49.19917299999999
Theft from Motor Vehicle,10600 KING GEORGE BLVD,1,2020,20-3345,-122.8449284,49.1955123
Theft from Motor Vehicle,9600 128TH ST,1,2020,20-3380,-122.8679552,49.17723119999999
Theft from Motor Vehicle,13100 107TH AVE,1,2020,20-3437,-122.8595312,49.1967829
Theft from Motor Vehicle,13400 102ND AVE,1,2020,20-3504,-122.8486668,49.1870554
Theft from Motor Vehicle,8900 CRICHTON DR,1,2020,20-3569,-122.8409102,49.1651541
Theft from Motor Vehicle,13700 96TH AVE,1,2020,20-3587,-122.8433592,49.17649170000001
Theft from Motor Vehicle,10700 BLOCK 139TH ST,1,2020,20-3721,-122.8364274,49.1969949
Theft from Motor Vehicle,9900 KING GEORGE BLVD,1,2020,20-3784,-122.8444935,49.1821931
Theft from Motor Vehicle,11000 SCOTT RD,1,2020,20-3865,-122.8789229,49.2019487
Theft from Motor Vehicle,10800 CITY PKWY,1,2020,20-4016,-122.8487967,49.1989026
Theft from Motor Vehicle,9700 123A ST,1,2020,20-4062,-122.8801308,49.180945
Theft from Motor Vehicle,10100 139TH ST,1,2020,20-4091,-122.836779,49.1861206
Theft from Motor Vehicle,13200 104TH AVE,1,2020,20-4412,-122.856726,49.1914792
Theft from Motor Vehicle,9400 132ND ST,1,2020,20-4443,-122.85655,49.1735431
Theft from Motor Vehicle,13700 108TH AVE,1,2020,20-4485,-122.8426951,49.1987827
Theft from Motor Vehicle,13500 102ND AVE,1,2020,20-4598,-122.8479846,49.1869421
Theft from Motor Vehicle,13700 96TH AVE,1,2020,20-4942,-122.8433592,49.17649170000001
Theft from Motor Vehicle,13400 KING GEORGE BLVD,1,2020,20-5090,-122.8510407,49.202303
Theft from Motor Vehicle,13700 96TH AVE,1,2020,20-5167,-122.8433592,49.17649170000001
Theft from Motor Vehicle,10600 KING GEORGE BLVD,1,2020,20-5321,-122.8449284,49.1955123
Theft from Motor Vehicle,13700 96TH AVE,1,2020,20-5496,-122.8433592,49.17649170000001
Theft from Motor Vehicle,11000 136TH ST,1,2020,20-5632,-122.844707,49.2029618
Theft from Motor Vehicle,11000 136TH ST,1,2020,20-5650,-122.844707,49.2029618
Theft from Motor Vehicle,10200 129A ST,1,2020,20-6009,-122.86389,49.1561207
Theft from Motor Vehicle,10500 140TH ST,1,2020,20-6497,-122.8337766,49.1933418
Theft from Motor Vehicle,13700 96TH AVE,1,2020,20-6518,-122.8433592,49.17649170000001
Theft from Motor Vehicle,10500 140TH ST,1,2020,20-6618,-122.8337766,49.1933418
Theft from Motor Vehicle,9400 132ND ST,1,2020,20-6637,-122.85655,49.1735431
Theft from Motor Vehicle,13400 108TH AVE,1,2020,20-6646,-122.851134,49.198698
Theft from Motor Vehicle,9900 WHALLEY BLVD,1,2020,20-6681,-122.8422795,49.18289009999999
Theft from Motor Vehicle,GROSVENOR RD / SELKIRK DR,1,2020,20-6843,-122.8391016,49.2023912
Theft from Motor Vehicle,13700 96TH AVE,1,2020,20-7074,-122.8433592,49.17649170000001
Theft from Motor Vehicle,13500 KING GEORGE BLVD,1,2020,20-7238,-122.8480233,49.2006198
Theft from Motor Vehicle,9500 128TH ST,1,2020,20-7302,-122.8679718,49.1771275
Theft from Motor Vehicle,9700 128TH ST,1,2020,20-7451,-122.8678821,49.1789549
Theft from Motor Vehicle,9700 KING GEORGE BLVD,1,2020,20-7571,-122.8454694,49.1795846
Theft from Motor Vehicle,10900 132A ST,1,2020,20-7599,-122.8545741,49.2008535
Theft from Motor Vehicle,128TH ST / 114TH AVE,1,2020,20-7723,-122.8674232,49.2098154
Theft from Motor Vehicle,12500 110TH AVE,1,2020,20-7813,-122.8759358,49.2026455
Theft from Motor Vehicle,10100 KING GEORGE BLVD,1,2020,20-7882,-122.845107,49.186183
Theft from Motor Vehicle,9200 STUART CRES,1,2020,20-800033,-122.8578383,49.1701202
Theft from Motor Vehicle,13800 LAUREL DR,1,2020,20-7989,-122.8386076,49.1785813
Theft from Motor Vehicle,13200 105TH AVE,1,2020,20-8010,-122.8123885,49.1927388
Theft from Motor Vehicle,12300 IONA PL,1,2020,20-8061,-122.8814069,49.17382449999999
Theft from Motor Vehicle,13600 104TH AVE,1,2020,20-8107,-122.8454938,49.1915608
Theft from Motor Vehicle,12100 104TH AVE,1,2020,20-8152,-122.8815947,49.1916597
Theft from Motor Vehicle,9400 121ST ST,1,2020,20-8229,-122.8872806,49.17552329999999
Theft from Motor Vehicle,11100 SCOTT RD,1,2020,20-8237,-122.8775273,49.20328840000001
Theft from Motor Vehicle,13500 104TH AVE,1,2020,20-8349,-122.8476935,49.1915975
Theft from Motor Vehicle,10900 131ST ST,1,2020,20-8465,-122.8588681,49.2014011
Theft from Motor Vehicle,9200 137A ST,1,2020,20-8471,-122.8421024,49.1770592
Theft from Motor Vehicle,13600 GROSVENOR RD,1,2020,20-8486,-122.8448092,49.19917299999999
Theft from Motor Vehicle,11800 99A AVE,1,2020,20-8500,-122.8957608,49.18335829999999
Theft from Motor Vehicle,9500 126A ST,1,2020,20-8511,-122.8719601,49.1753999
Theft from Motor Vehicle,11500 96A AVE,1,2020,20-8688,-122.9040632,49.1779483
Theft from Motor Vehicle,101ST AVE / 139TH ST,1,2020,20-8746,-122.837189,49.1860376
Theft from Motor Vehicle,10000 137A ST,1,2020,20-8789,-122.8414224,49.185161
Theft from Motor Vehicle,12500 110TH AVE,1,2020,20-8811,-122.8759358,49.2026455
Theft from Motor Vehicle,10600 138TH ST,1,2020,20-9049,-122.8393635,49.1952234
Theft from Motor Vehicle,12800 96TH AVE,1,2020,20-9091,-122.8685679,49.1767121
Theft from Motor Vehicle,8800 139TH ST,1,2020,20-9102,-122.8371785,49.1632792
Theft from Motor Vehicle,9800 132A ST,1,2020,20-9119,-122.8552641,49.1249273
Theft from Motor Vehicle,12800 96A AVE,1,2020,20-9172,-122.8687654,49.1778807
Theft from Motor Vehicle,12700 102ND AVE,1,2020,20-9250,-122.8701261,49.1878375
Theft from Motor Vehicle,10000 WHALLEY BLVD,1,2020,20-9258,-122.843169,49.1843253
Theft from Motor Vehicle,13800 100TH AVE,1,2020,20-9291,-122.8395521,49.1842116
Theft from Motor Vehicle,9600 139TH ST,1,2020,20-9500,-122.8373629,49.17694729999999
Theft from Motor Vehicle,13000 106TH AVE,1,2020,20-9549,-122.8623653,49.1953235
Theft from Motor Vehicle,12200 KING GEORGE BLVD,1,2020,20-9670,-122.8847738,49.2057238
Theft from Motor Vehicle,13500 GATEWAY DR,1,2020,20-9841,-122.8498668,49.2007781
Theft from Motor Vehicle,96TH AVE / PRINCE CHARLES BLVD,1,2020,20-9856,-122.8641039,49.1770821
Theft from Motor Vehicle,13500 GATEWAY DR,1,2020,20-9913,-122.8498668,49.2007781
Theft from Motor Vehicle,9800 134TH ST,1,2020,20-9917,-122.8513095,49.1805841
Theft from Motor Vehicle,13100 98TH AVE,1,2020,20-10010,-122.8594131,49.1805503
Theft from Motor Vehicle,12100 103A AVE,1,2020,20-10034,-122.8862606,49.1902395
Theft from Motor Vehicle,10900 124TH ST,1,2020,20-10067,-122.878698,49.200434
Theft from Motor Vehicle,11100 SCOTT RD,1,2020,20-10098,-122.8775273,49.20328840000001
Theft from Motor Vehicle,11600 97TH AVE,1,2020,20-10113,-122.9012415,49.1790357
Theft from Motor Vehicle,9800 WHALLEY BLVD,1,2020,20-10232,-122.8413807,49.1808096
Theft from Motor Vehicle,10100 KING GEORGE BLVD,1,2020,20-10257,-122.845107,49.186183
Theft from Motor Vehicle,13800 CENTRAL AVE,1,2020,20-10452,-122.8396345,49.1894865
Theft from Motor Vehicle,12800 104TH AVE,1,2020,20-10467,-122.8672185,49.1914494
Theft from Motor Vehicle,12600 97A AVE,1,2020,20-10520,-122.873409,49.1798659
Theft from Motor Vehicle,12500 110TH AVE,1,2020,20-10652,-122.8759358,49.2026455
Theft from Motor Vehicle,13900 102ND AVE,1,2020,20-10820,-122.8371369,49.1877611
Theft from Motor Vehicle,138TH ST / 107A AVE,1,2020,20-11045,-122.839652,49.19748209999999
Theft from Motor Vehicle,12900 106TH AVE,1,2020,20-11204,-122.8650159,49.1951152
Theft from Motor Vehicle,9900 125TH ST,1,2020,20-11296,-122.8750072,49.1839591
Theft from Motor Vehicle,9400 KING GEORGE BLVD,1,2020,20-11665,-122.8458645,49.1736894
Theft from Motor Vehicle,12700 99TH AVE,1,2020,20-11731,-122.870962,49.18224
Theft from Motor Vehicle,10600 138TH ST,1,2020,20-12649,-122.8393635,49.1952234
Theft from Motor Vehicle,13900 101ST AVE,1,2020,20-12792,-122.837189,49.1860376
Theft from Motor Vehicle,9800 KING GEORGE BLVD,1,2020,20-12854,-122.8455116,49.1801408
Theft from Motor Vehicle,10200 127A ST,1,2020,20-13239,-122.8696433,49.18699960000001
Theft from Motor Vehicle,9800 140TH ST,1,2020,20-13309,-122.8331923,49.1799044
Theft from Motor Vehicle,11100 124TH ST,1,2020,20-13398,-122.8786244,49.2043332
Theft from Motor Vehicle,13300 100TH AVE,1,2020,20-13665,-122.8540087,49.1841825
Theft from Motor Vehicle,13500 96TH AVE,1,2020,20-13790,-122.8484424,49.177046
Theft from Motor Vehicle,10900 125TH ST,1,2020,20-13827,-122.8755649,49.2007221
Theft from Motor Vehicle,98B AVE / 134TH ST,1,2020,20-14209,-122.8513408,49.1824221
Theft from Motor Vehicle,13700 101ST AVE,1,2020,20-14222,-122.8417383,49.1861215
Theft from Motor Vehicle,10200 133RD ST,1,2020,20-14275,-122.8540439,49.18798169999999
Theft from Motor Vehicle,9000 141A ST,1,2020,20-14415,-122.8314395,49.1664328
Theft from Motor Vehicle,11400 BRIDGEVIEW DR,1,2020,20-14792,-122.8618269,49.2118008
Theft from Motor Vehicle,106TH AVE / 140TH ST,1,2020,20-14854,-122.8341186,49.1951639
Theft from Motor Vehicle,10200 128TH ST,1,2020,20-14857,-122.8677103,49.188028
Theft from Motor Vehicle,13000 OLD YALE RD,1,2020,20-15003,-122.8622454,49.1898804
Theft from Motor Vehicle,12600 93A AVE,1,2020,20-15041,-122.8092628,49.1723903
Theft from Motor Vehicle,10500 138A ST,1,2020,20-15370,-122.8380481,49.193396
Theft from Motor Vehicle,10600 KING GEORGE BLVD,1,2020,20-15524,-122.8449284,49.1955123
Theft from Motor Vehicle,10800 SCOTT RD,1,2020,20-15579,-122.8823345,49.19927149999999
Theft from Motor Vehicle,13400 102ND AVE,1,2020,20-15596,-122.8486668,49.1870554
Theft from Motor Vehicle,UNIVERSITY DR / 108TH AVE,1,2020,20-15620,-122.8507709,49.1989287
Theft from Motor Vehicle,10900 130A ST,1,2020,20-15694,-122.8602596,49.2010909
Theft from Motor Vehicle,13700 99A AVE,1,2020,20-15733,-122.8402179,49.18313879999999
Theft from Motor Vehicle,102A AVE / UNIVERSITY DR,1,2020,20-15907,-122.8501643,49.1885222
Theft from Motor Vehicle,95TH AVE / 130A ST,1,2020,20-15940,-122.8613498,49.1755314
Theft from Motor Vehicle,12900 107TH AVE,1,2020,20-15946,-122.8650288,49.19684059999999
Theft from Motor Vehicle,10100 128A ST,1,2020,20-15949,-122.8657598,49.186138
Theft from Motor Vehicle,12800 107TH AVE,1,2020,20-15990,-122.8172594,49.1967527
Theft from Motor Vehicle,13300 CENTRAL AVE,1,2020,20-16051,-122.8543132,49.1905819
Theft from Motor Vehicle,13100 106TH AVE,1,2020,20-16116,-122.8597569,49.1949243
Theft from Motor Vehicle,12900 107A AVE,1,2020,20-16264,-122.8649744,49.1977884
Theft from Motor Vehicle,13300 OLD YALE RD,1,2020,20-16328,-122.853708,49.186603
Theft from Motor Vehicle,9500 132A ST,1,2020,20-16552,-122.8551288,49.1753285
Theft from Motor Vehicle,13400 104TH AVE,1,2020,20-16584,-122.8508088,49.1913778
Theft from Motor Vehicle,10200 126TH ST,1,2020,20-17038,-122.8723979,49.1882325
Theft from Motor Vehicle,9400 135TH ST,1,2020,20-125,-122.848412,49.140869
Theft from Motor Vehicle,11000 124TH ST,1,2020,20-680,-122.878468,49.20219669999999
Theft from Motor Vehicle,10200 KING GEORGE BLVD,1,2020,20-2254,-122.8453711,49.1878884
Theft from Motor Vehicle,10200 133RD ST,1,2020,20-4133,-122.8540439,49.18798169999999
Theft from Motor Vehicle,13600 100TH AVE,1,2020,20-6072,-122.8454059,49.1842491
Theft from Motor Vehicle,13000 112TH AVE,1,2020,20-6588,-122.8619065,49.2064208
Theft from Motor Vehicle,11800 103A AVE,1,2020,20-6673,-122.8972328,49.1916054
Theft from Motor Vehicle,10600 140TH ST,1,2020,20-6780,-122.8341186,49.1951639
Theft from Motor Vehicle,13600 100TH AVE,1,2020,20-10686,-122.8454059,49.1842491
Theft from Motor Vehicle,13100 104TH AVE,1,2020,20-11220,-122.8591868,49.19146000000001
Theft from Motor Vehicle,11300 BRIDGEVIEW DR,1,2020,20-11490,-122.866623,49.2080218
Theft from Motor Vehicle,11100 SCOTT RD,1,2020,20-12759,-122.8775273,49.20328840000001
Theft from Motor Vehicle,10200 133RD ST,1,2020,20-14235,-122.8540439,49.18798169999999
Theft from Motor Vehicle,13300 108TH AVE,1,2020,20-15325,-122.8536545,49.1987184
Theft from Motor Vehicle,10600 138TH ST,1,2020,20-13664,-122.8393635,49.1952234
Theft from Motor Vehicle,8200 154B ST,1,2020,20-2,-122.7934122,49.15188
Theft from Motor Vehicle,14100 103A AVE,1,2020,20-264,-122.8313668,49.190528
Theft from Motor Vehicle,16600 78TH AVE,1,2020,20-710,-122.7618936,49.1445416
Theft from Motor Vehicle,10300 152ND ST,1,2020,20-839,-122.8003366,49.18950900000001
Theft from Motor Vehicle,14900 104TH AVE,1,2020,20-860,-122.8092,49.1915
Theft from Motor Vehicle,14100 100A AVE,1,2020,20-966,-122.8315636,49.1851417
Theft from Motor Vehicle,8300 155TH ST,1,2020,20-1126,-122.7924673,49.1671394
Theft from Motor Vehicle,14200 110TH AVE,1,2020,20-1561,-122.8285329,49.20246849999999
Theft from Motor Vehicle,15500 89B AVE,1,2020,20-1755,-122.7918735,49.1659909
Theft from Motor Vehicle,8200 150A ST,1,2020,20-1754,-122.8052107,49.1639378
Theft from Motor Vehicle,14000 100A AVE,1,2020,20-1782,-122.8344646,49.185083
Theft from Motor Vehicle,10000 160TH ST,1,2020,20-2413,-122.7785406,49.1843661
Theft from Motor Vehicle,8200 157TH ST,1,2020,20-2570,-122.7868856,49.1523328
Theft from Motor Vehicle,15400 90TH AVE,1,2020,20-2754,-122.7972302,49.1665032
Theft from Motor Vehicle,10800 156TH ST,1,2020,20-2764,-122.7897003,49.19896319999999
Theft from Motor Vehicle,17400 104TH AVE,1,2020,20-2788,-122.7404132,49.1915026
Theft from Motor Vehicle,10700 142A ST,1,2020,20-3200,-122.8272604,49.1970823
Theft from Motor Vehicle,15900 86A AVE,1,2020,20-3207,-122.780468,49.1602196
Theft from Motor Vehicle,10400 150TH ST,1,2020,20-3535,-122.8064117,49.191529
Theft from Motor Vehicle,104TH AVE / 149A ST,1,2020,20-3641,-122.8077156,49.191536
Theft from Motor Vehicle,8100 148A ST,1,2020,20-3853,-122.8105874,49.1500604
Theft from Motor Vehicle,9100 162A ST,1,2020,20-3907,-122.7713948,49.1678338
Theft from Motor Vehicle,15000 90A AVE,1,2020,20-4275,-122.8057837,49.1667852
Theft from Motor Vehicle,16500 86TH AVE,1,2020,20-4335,-122.765353,49.158737
Theft from Motor Vehicle,9900 151ST ST,1,2020,20-4400,-122.8036888,49.1821805
Theft from Motor Vehicle,15100 105TH AVE,1,2020,20-4413,-122.8026912,49.1932117
Theft from Motor Vehicle,10300 152ND ST,1,2020,20-4495,-122.8003366,49.18950900000001
Theft from Motor Vehicle,15800 99A AVE,1,2020,20-4599,-122.784578,49.1834429
Theft from Motor Vehicle,16000 103RD AVE,1,2020,20-5192,-122.7612602,49.1903336
Theft from Motor Vehicle,14200 MELROSE DR,1,2020,20-5396,-122.8287724,49.206194
Theft from Motor Vehicle,10500 150TH ST,1,2020,20-5486,-122.8060853,49.193449
Theft from Motor Vehicle,7800 160TH ST,1,2020,20-5515,-122.7788293,49.14496399999999
Theft from Motor Vehicle,148TH ST / 101A AVE,1,2020,20-5537,-122.812018,49.18688
Theft from Motor Vehicle,11300 WALLACE DR,1,2020,20-6025,-122.8155651,49.2079831
Theft from Motor Vehicle,15000 80B AVE,1,2020,20-6041,-122.8069652,49.1491822
Theft from Motor Vehicle,15400 84A AVE,1,2020,20-6056,-122.8246692,49.15643799999999
Theft from Motor Vehicle,14500 82ND AVE,1,2020,20-6060,-122.8196715,49.151575
Theft from Motor Vehicle,15100 105TH AVE,1,2020,20-6119,-122.8026912,49.1932117
Theft from Motor Vehicle,11400 142ND ST,1,2020,20-7033,-122.8280653,49.2098299
Theft from Motor Vehicle,7700 164TH ST,1,2020,20-7097,-122.7674932,49.1152465
Theft from Motor Vehicle,10000 143RD ST,1,2020,20-7136,-122.8261499,49.1842811
Theft from Motor Vehicle,16000 111A AVE,1,2020,20-7570,-122.7801274,49.20490179999999
Theft from Motor Vehicle,16800 BLOCK 104TH AVE,1,2020,20-7573,-122.756464,49.191629
Theft from Motor Vehicle,14800 104TH AVE,1,2020,20-7797,-122.8124332,49.1914609
Theft from Motor Vehicle,8400 152ND ST,1,2020,20-7871,-122.8013318,49.15554359999999
Theft from Motor Vehicle,16500 FRASER HWY,1,2020,20-7876,-122.765076,49.1516597
Theft from Motor Vehicle,11200 143A ST,1,2020,20-8009,-122.8248269,49.2061551
Theft from Motor Vehicle,9800 168TH ST,1,2020,20-8109,-122.7562173,49.1787005
Theft from Motor Vehicle,10300 152ND ST,1,2020,20-8795,-122.8003366,49.18950900000001
Theft from Motor Vehicle,10300 152ND ST,1,2020,20-9033,-122.8003366,49.18950900000001
Theft from Motor Vehicle,96TH AVE / 172ND ST,1,2020,20-9100,-122.7459052,49.1770685
Theft from Motor Vehicle,9800 168TH ST,1,2020,20-9155,-122.7562173,49.1787005
Theft from Motor Vehicle,10300 152ND ST,1,2020,20-800038,-122.8003366,49.18950900000001
Theft from Motor Vehicle,10300 152ND ST,1,2020,20-9344,-122.8003366,49.18950900000001
Theft from Motor Vehicle,16200 87TH AVE,1,2020,20-9461,-122.7732414,49.1612462
Theft from Motor Vehicle,14800 105TH AVE,1,2020,20-9910,-122.8123885,49.1927388
Theft from Motor Vehicle,10300 152ND ST,1,2020,20-10060,-122.8003366,49.18950900000001
Theft from Motor Vehicle,8400 156A ST,1,2020,20-10187,-122.788398,49.1562692
Theft from Motor Vehicle,14600 105A AVE,1,2020,20-10259,-122.8175919,49.1937234
Theft from Motor Vehicle,8900 152ND ST,1,2020,20-10348,-122.8008336,49.1646724
Theft from Motor Vehicle,9800 168TH ST,1,2020,20-10701,-122.7562173,49.1787005
Theft from Motor Vehicle,14600 105A AVE,1,2020,20-10977,-122.8175919,49.1937234
Theft from Motor Vehicle,10600 142ND ST,1,2020,20-10999,-122.8281856,49.1953218
Theft from Motor Vehicle,11000 SWAN CRES,1,2020,20-11265,-122.8018022,49.202528
Theft from Motor Vehicle,16400 80TH AVE,1,2020,20-11351,-122.7676605,49.1482348
Theft from Motor Vehicle,16100 FRASER HWY,1,2020,20-11683,-122.7759854,49.1559069
Theft from Motor Vehicle,16000 103RD AVE,1,2020,20-11816,-122.7612602,49.1903336
Theft from Motor Vehicle,8200 150TH ST,1,2020,20-11946,-122.8065982,49.15208699999999
Theft from Motor Vehicle,11400 139TH ST,1,2020,20-12014,-122.8365744,49.2098944
Theft from Motor Vehicle,9000 160TH ST,1,2020,20-12056,-122.778858,49.166472
Theft from Motor Vehicle,15900 89A AVE,1,2020,20-12474,-122.7819712,49.165347
Theft from Motor Vehicle,8200 144A ST,1,2020,20-12695,-122.8215251,49.15202619999999
Theft from Motor Vehicle,15000 101ST AVE,1,2020,20-12989,-122.8057234,49.18602310000001
Theft from Motor Vehicle,15000 101ST AVE,1,2020,20-13401,-122.8057234,49.18602310000001
Theft from Motor Vehicle,10300 152ND ST,1,2020,20-13415,-122.8003366,49.18950900000001
Theft from Motor Vehicle,10300 152ND ST,1,2020,20-13429,-122.8003366,49.18950900000001
Theft from Motor Vehicle,7900 165A ST,1,2020,20-13547,-122.7630846,49.1458275
Theft from Motor Vehicle,103A AVE / 103A AVENUE STRD,1,2020,20-13778,-122.8204517,49.1907773
Theft from Motor Vehicle,8300 148TH ST,1,2020,20-14254,-122.8121975,49.1542289
Theft from Motor Vehicle,14500 88TH AVE,1,2020,20-14276,-122.8206748,49.16280039999999
Theft from Motor Vehicle,10700 150TH ST,1,2020,20-14337,-122.8053479,49.1967644
Theft from Motor Vehicle,10300 152ND ST,1,2020,20-14464,-122.8003366,49.18950900000001
Theft from Motor Vehicle,16700 92A AVE,1,2020,20-14755,-122.7597237,49.1704515
Theft from Motor Vehicle,152ND ST / 86TH AVE,1,2020,20-14867,-122.8015437,49.1592172
Theft from Motor Vehicle,14000 PARK DR,1,2020,20-15276,-122.8338856,49.2064406
Theft from Motor Vehicle,10100 159A ST,1,2020,20-15288,-122.779861,49.1857473
Theft from Motor Vehicle,116TH AVE / KING RD,1,2020,20-15299,-122.8402349,49.21343599999999
Theft from Motor Vehicle,7800 168A ST,1,2020,20-15534,-122.7546734,49.1458722
Theft from Motor Vehicle,14800 107A AVE,1,2020,20-15582,-122.8127971,49.1976196
Theft from Motor Vehicle,10000 156A ST,1,2020,20-15592,-122.788068,49.1844244
Theft from Motor Vehicle,16500 FRASER HWY,1,2020,20-15597,-122.765076,49.1516597
Theft from Motor Vehicle,14800 107A AVE,1,2020,20-15650,-122.8127971,49.1976196
Theft from Motor Vehicle,10100 144TH ST,1,2020,20-15843,-122.823112,49.1861
Theft from Motor Vehicle,10400 150TH ST,1,2020,20-16029,-122.8064117,49.191529
Theft from Motor Vehicle,14800 101A AVE,1,2020,20-16109,-122.8128205,49.1867029
Theft from Motor Vehicle,10600 158A ST,1,2020,20-16470,-122.7824958,49.1953775
Theft from Motor Vehicle,14900 105TH AVE,1,2020,20-16490,-122.80932,49.192904
Theft from Motor Vehicle,15700 104TH AVE,1,2020,20-16521,-122.7869348,49.1915261
Theft from Motor Vehicle,15200 104TH AVE,1,2020,20-16703,-122.801371,49.1912601
Theft from Motor Vehicle,15700 92ND AVE,1,2020,20-18088,-122.7871973,49.1698736
Theft from Motor Vehicle,10600 140TH ST,1,2020,20-9569,-122.8341186,49.1951639
Theft from Motor Vehicle,14500 116A AVE,1,2020,20-9890,-122.820307,49.2142357
Theft from Motor Vehicle,10300 145A ST,1,2020,20-15454,-122.818958,49.189542
Theft from Motor Vehicle,10300 152ND ST,1,2020,20-15616,-122.8003366,49.18950900000001
Theft from Motor Vehicle,14800 100TH AVE,1,2020,20-16115,-122.8122772,49.1841227
Theft from Motor Vehicle,10400 154A ST,1,2020,20-2226,-122.7945975,49.1625871
Theft from Motor Vehicle,7000 144A ST,1,2020,20-16,-122.8220223,49.1367028
Theft from Motor Vehicle,13000 62ND AVE,1,2020,20-320,-122.8623668,49.11547220000001
Theft from Motor Vehicle,7000 KING GEORGE BLVD,1,2020,20-326,-122.8450518,49.12987649999999
Theft from Motor Vehicle,12700 62ND AVE,1,2020,20-615,-122.870519,49.1154842
Theft from Motor Vehicle,7700 146TH ST,1,2020,20-720,-122.8171099,49.1429835
Theft from Motor Vehicle,7300 130A ST,1,2020,20-823,-122.8605069,49.1355289
Theft from Motor Vehicle,6900 127A ST,1,2020,20-1216,-122.869212,49.128271
Theft from Motor Vehicle,12500 58A AVE,1,2020,20-1389,-122.8761078,49.1087586
Theft from Motor Vehicle,15000 76A AVE,1,2020,20-1703,-122.8066684,49.1417576
Theft from Motor Vehicle,12000 NEW MCLELLAN RD,1,2020,20-1760,-122.8903404,49.1025161
Theft from Motor Vehicle,6400 124TH ST,1,2020,20-1851,-122.8787311,49.1194135
Theft from Motor Vehicle,6300 126TH ST,1,2020,20-2290,-122.873426,49.1186296
Theft from Motor Vehicle,7200 130TH ST,1,2020,20-2406,-122.8619438,49.1334105
Theft from Motor Vehicle,137A ST / 67TH AVE,1,2020,20-2679,-122.8412715,49.1241335
Theft from Motor Vehicle,13700 72A AVE,1,2020,20-2784,-122.8428016,49.1349032
Theft from Motor Vehicle,13500 78TH AVE,1,2020,20-2800,-122.8487866,49.144135
Theft from Motor Vehicle,7300 140TH ST,1,2020,20-2896,-122.8344601,49.13556029999999
Theft from Motor Vehicle,7100 133A ST,1,2020,20-2930,-122.8524417,49.1326912
Theft from Motor Vehicle,6400 133A ST,1,2020,20-3127,-122.8524417,49.1326912
Theft from Motor Vehicle,12300 68TH AVE,1,2020,20-3578,-122.8822358,49.1264353
Theft from Motor Vehicle,13300 81ST AVE,1,2020,20-3924,-122.854075,49.1500719
Theft from Motor Vehicle,13600 62ND AVE,1,2020,20-3950,-122.8454798,49.11543589999999
Theft from Motor Vehicle,67TH AVE / 137TH ST,1,2020,20-4008,-122.842639,49.124087
Theft from Motor Vehicle,12900 54A AVE,1,2020,20-4496,-122.8652145,49.101353
Theft from Motor Vehicle,13800 58TH AVE,1,2020,20-4537,-122.8391151,49.1079671
Theft from Motor Vehicle,7400 HURDLE CRES,1,2020,20-4543,-122.8639669,49.1385071
Theft from Motor Vehicle,14700 57A AVE,1,2020,20-4650,-122.7365163,49.1068861
Theft from Motor Vehicle,6900 125A ST,1,2020,20-4896,-122.8745349,49.12881520000001
Theft from Motor Vehicle,14100 73RD AVE,1,2020,20-4988,-122.8317297,49.1350985
Theft from Motor Vehicle,14900 57TH AVE,1,2020,20-5236,-122.8096789,49.1061596
Theft from Motor Vehicle,13900 58TH AVE,1,2020,20-5674,-122.837057,49.1081661
Theft from Motor Vehicle,5900 130B ST,1,2020,20-6012,-122.8599896,49.1105917
Theft from Motor Vehicle,6200 129A ST,1,2020,20-6063,-122.8637008,49.1154719
Theft from Motor Vehicle,7400 KING GEORGE BLVD,1,2020,20-6187,-122.8455601,49.1372279
Theft from Motor Vehicle,6200 130TH ST,1,2020,20-6191,-122.8623668,49.11547220000001
Theft from Motor Vehicle,8000 KING GEORGE BLVD,1,2020,20-6513,-122.8456836,49.14845469999999
Theft from Motor Vehicle,6400 129A ST,1,2020,20-6514,-122.8637011,49.1189733
Theft from Motor Vehicle,13700 58TH AVE,1,2020,20-6590,-122.8431624,49.1088061
Theft from Motor Vehicle,13100 76TH AVE,1,2020,20-6625,-122.8598853,49.1402626
Theft from Motor Vehicle,12800 58TH AVE,1,2020,20-6657,-122.8672699,49.1079167
Theft from Motor Vehicle,14100 72ND AVE,1,2020,20-6700,-122.8316975,49.1334317
Theft from Motor Vehicle,13000 65TH AVE,1,2020,20-800029,-122.8624733,49.120649
Theft from Motor Vehicle,5800 135A ST,1,2020,20-6760,-122.8473577,49.11700690000001
Theft from Motor Vehicle,12900 65TH AVE,1,2020,20-6876,-122.8644838,49.1206893
Theft from Motor Vehicle,13100 63A AVE,1,2020,20-7043,-122.8595639,49.117906
Theft from Motor Vehicle,6600 127TH ST,1,2020,20-7098,-122.8703917,49.1229314
Theft from Motor Vehicle,8300 129TH ST,1,2020,20-7123,-122.8650008,49.1533746
Theft from Motor Vehicle,14100 79TH AVE,1,2020,20-7578,-122.8317258,49.14633930000001
Theft from Motor Vehicle,6100 132A ST,1,2020,20-7863,-122.8548929,49.1140772
Theft from Motor Vehicle,6100 132A ST,1,2020,20-7862,-122.8548929,49.1140772
Theft from Motor Vehicle,7900 134TH ST,1,2020,20-7993,-122.8512534,49.14630469999999
Theft from Motor Vehicle,14000 BLOCK 62ND AVE,1,2020,20-8003,-122.8343582,49.1154525
Theft from Motor Vehicle,14600 79TH AVE,1,2020,20-8503,-122.8162232,49.1453044
Theft from Motor Vehicle,7500 140TH ST,1,2020,20-8508,-122.834504,49.139065
Theft from Motor Vehicle,14100 73RD AVE,1,2020,20-8742,-122.8317297,49.1350985
Theft from Motor Vehicle,132ND ST / 60TH AVE,1,2020,20-8756,-122.856633,49.1118991
Theft from Motor Vehicle,6400 130TH ST,1,2020,20-8991,-122.8622628,49.119106
Theft from Motor Vehicle,7000 128TH ST,1,2020,20-9024,-122.8675069,49.1303108
Theft from Motor Vehicle,6400 130TH ST,1,2020,20-9034,-122.8622628,49.119106
Theft from Motor Vehicle,6400 130TH ST,1,2020,20-9045,-122.8622628,49.119106
Theft from Motor Vehicle,14800 60TH AVE,1,2020,20-800041,-122.8122448,49.1118058
Theft from Motor Vehicle,12500 76TH AVE,1,2020,20-10106,-122.876234,49.1410773
Theft from Motor Vehicle,7800 132ND ST,1,2020,20-10459,-122.8567819,49.14456490000001
Theft from Motor Vehicle,15100 62A AVE,1,2020,20-11221,-122.8025698,49.1163659
Theft from Motor Vehicle,13300 76TH AVE,1,2020,20-11769,-122.8544071,49.1403081
Theft from Motor Vehicle,14700 64TH AVE,1,2020,20-12020,-122.8150381,49.1186419
Theft from Motor Vehicle,5100 157TH ST,1,2020,20-12106,-122.7872054,49.0953271
Theft from Motor Vehicle,7000 KING GEORGE BLVD,1,2020,20-12373,-122.8450518,49.12987649999999
Theft from Motor Vehicle,14200 71ST AVE,1,2020,20-12770,-122.8286383,49.1316067
Theft from Motor Vehicle,13800 79TH AVE,1,2020,20-12791,-122.8398234,49.146112
Theft from Motor Vehicle,7400 KING GEORGE BLVD,1,2020,20-12829,-122.8455601,49.1372279
Theft from Motor Vehicle,135TH ST / 73A AVE,1,2020,20-12839,-122.848339,49.136562
Theft from Motor Vehicle,7400 KING GEORGE BLVD,1,2020,20-12990,-122.8455601,49.1372279
Theft from Motor Vehicle,7900 123RD ST,1,2020,20-13245,-122.8815395,49.1466073
Theft from Motor Vehicle,72ND AVE / 141A ST,1,2020,20-13436,-122.8302473,49.133639
Theft from Motor Vehicle,121A ST / 80TH AVE,1,2020,20-13699,-122.8866892,49.1484877
Theft from Motor Vehicle,8200 KING GEORGE BLVD,1,2020,20-13726,-122.8457324,49.1521818
Theft from Motor Vehicle,14100 78TH AVE,1,2020,20-13741,-122.8318049,49.144362
Theft from Motor Vehicle,8700 128A ST,1,2020,20-14236,-122.8662438,49.1609179
Theft from Motor Vehicle,8400 128TH ST,1,2020,20-14284,-122.8673349,49.15467
Theft from Motor Vehicle,8700 128A ST,1,2020,20-14289,-122.8662438,49.1609179
Theft from Motor Vehicle,13700 88TH AVE,1,2020,20-14562,-122.8457116,49.162704
Theft from Motor Vehicle,13300 58B AVE,1,2020,20-14961,-122.8549065,49.1091047
Theft from Motor Vehicle,8000 123RD ST,1,2020,20-15096,-122.8815957,49.1481456
Theft from Motor Vehicle,7100 121ST ST,1,2020,20-15464,-122.8871448,49.1321217
Theft from Motor Vehicle,13400 78TH AVE,1,2020,20-15477,-122.8506121,49.1441531
Theft from Motor Vehicle,13600 62ND AVE,1,2020,20-15743,-122.8454798,49.11543589999999
Theft from Motor Vehicle,6300 135A ST,1,2020,20-15858,-122.8474039,49.1172551
Theft from Motor Vehicle,12600 60A AVE,1,2020,20-15939,-122.8757159,49.1126891
Theft from Motor Vehicle,14300 74A AVE,1,2020,20-16175,-122.826617,49.13817400000001
Theft from Motor Vehicle,6800 142A ST,1,2020,20-16236,-122.8271107,49.1272135
Theft from Motor Vehicle,76TH AVE / 130TH ST,1,2020,20-16244,-122.8618301,49.14097899999999
Theft from Motor Vehicle,6800 123A ST,1,2020,20-16665,-122.8805066,49.1283565
Theft from Motor Vehicle,13100 80TH AVE,1,2020,20-17539,-122.8599599,49.1476748
Theft from Motor Vehicle,13700 72A AVE,1,2020,20-800068,-122.8428016,49.1349032
Theft from Motor Vehicle,134A ST / 64TH AVE,1,2020,20-3829,-122.8496266,49.1189739
Theft from Motor Vehicle,12000 NORDEL WAY,1,2020,20-5359,-122.8902894,49.1620162
Theft from Motor Vehicle,6400 130TH ST,1,2020,20-9147,-122.8622628,49.119106
Theft from Motor Vehicle,12000 86TH AVE,1,2020,20-11532,-122.8909645,49.1592902
Theft from Motor Vehicle,5800 ABERDEEN ST,1,2020,20-1268,-122.7510386,49.10777969999999
Theft from Motor Vehicle,6200 167A ST,1,2020,20-1799,-122.7587726,49.1146284
Theft from Motor Vehicle,18700 65TH AVE,1,2020,20-1837,-122.6933297,49.1222039
Theft from Motor Vehicle,18900 71ST AVE,1,2020,20-2248,-122.698505,49.132033
Theft from Motor Vehicle,5400 189A ST,1,2020,20-2336,-122.6969019,49.1009137
Theft from Motor Vehicle,7100 190TH ST,1,2020,20-800010,-122.6959753,49.13210480000001
Theft from Motor Vehicle,7100 190TH ST,1,2020,20-800011,-122.6959753,49.13210480000001
Theft from Motor Vehicle,18800 52ND AVE,1,2020,20-2745,-122.701599,49.0971084
Theft from Motor Vehicle,6400 194TH ST,1,2020,20-2888,-122.6853872,49.119172
Theft from Motor Vehicle,19200 56TH AVE,1,2020,20-2964,-122.6929982,49.10403340000001
Theft from Motor Vehicle,6200 SUNDANCE DR,1,2020,20-800013,-122.7140363,49.1149474
Theft from Motor Vehicle,6100 MORGAN DR,1,2020,20-3577,-122.7159577,49.1131976
Theft from Motor Vehicle,8800 HARVIE RD,1,2020,20-4520,-122.6987171,49.1625971
Theft from Motor Vehicle,18800 71ST AVE,1,2020,20-4870,-122.7014783,49.1319733
Theft from Motor Vehicle,19200 72A AVE,1,2020,20-5116,-122.6952996,49.1344636
Theft from Motor Vehicle,19300 56TH AVE,1,2020,20-5438,-122.6889196,49.1049493
Theft from Motor Vehicle,19200 73RD AVE,1,2020,20-5481,-122.6916167,49.1352319
Theft from Motor Vehicle,6500 195A ST,1,2020,20-5499,-122.6814279,49.11930570000001
Theft from Motor Vehicle,168TH ST / 64TH AVE,1,2020,20-5789,-122.7565033,49.1189367
Theft from Motor Vehicle,17100 62ND AVE,1,2020,20-6152,-122.748613,49.1151731
Theft from Motor Vehicle,18500 64B AVE,1,2020,20-7891,-122.7100715,49.1206383
Theft from Motor Vehicle,6500 194TH ST,1,2020,20-8022,-122.6850122,49.1215163
Theft from Motor Vehicle,16600 60TH AVE,1,2020,20-8525,-122.7625737,49.1115407
Theft from Motor Vehicle,19400 71ST AVE,1,2020,20-8704,-122.6853028,49.1310995
Theft from Motor Vehicle,5800 167A ST,1,2020,20-9099,-122.7576758,49.1081455
Theft from Motor Vehicle,19300 LANGLEY BPS,1,2020,20-9126,-122.6877518,49.1051036
Theft from Motor Vehicle,19000 60TH AVE,1,2020,20-9150,-122.6964792,49.1113195
Theft from Motor Vehicle,18300 66TH AVE,1,2020,20-9350,-122.715783,49.1227829
Theft from Motor Vehicle,17600 66A AVE,1,2020,20-9585,-122.7348954,49.1230266
Theft from Motor Vehicle,16900 FRIESIAN DR,1,2020,20-9941,-122.7552152,49.1069025
Theft from Motor Vehicle,17000 80TH AVE,1,2020,20-10547,-122.7507681,49.148119
Theft from Motor Vehicle,9900 181ST ST,1,2020,20-10926,-122.7209761,49.1824081
Theft from Motor Vehicle,18900 67A AVE,1,2020,20-10986,-122.6985391,49.1252791
Theft from Motor Vehicle,5600 177B ST,1,2020,20-11161,-122.7300085,49.1045848
Theft from Motor Vehicle,16600 57A AVE,1,2020,20-11183,-122.7365163,49.1068861
Theft from Motor Vehicle,18600 FRASER HWY,1,2020,20-11533,-122.7070245,49.1257753
Theft from Motor Vehicle,18700 76TH AVE,1,2020,20-11835,-122.7041257,49.1406992
Theft from Motor Vehicle,17600 66A AVE,1,2020,20-12157,-122.7348954,49.1230266
Theft from Motor Vehicle,7200 190TH ST,1,2020,20-12263,-122.6961771,49.1334643
Theft from Motor Vehicle,17000 JERSEY DR,1,2020,20-12683,-122.7513454,49.1107098
Theft from Motor Vehicle,188TH ST / 55TH AVE,1,2020,20-13302,-122.701721,49.10236339999999
Theft from Motor Vehicle,18500 LAURENSEN PL,1,2020,20-13965,-122.7095067,49.1287308
Theft from Motor Vehicle,6000 172B ST,1,2020,20-14251,-122.7429166,49.1124474
Theft from Motor Vehicle,176TH ST / 58TH AVE,1,2020,20-15028,-122.734958,49.107799
Theft from Motor Vehicle,18900 70TH AVE,1,2020,20-15048,-122.698403,49.129948
Theft from Motor Vehicle,6100 BLOCK 175A ST,1,2020,20-15281,-122.7369385,49.11319470000001
Theft from Motor Vehicle,17400 61A AVE,1,2020,20-15577,-122.7404822,49.11359789999999
Theft from Motor Vehicle,6000 171A ST,1,2020,20-16052,-122.7473184,49.1534553
Theft from Motor Vehicle,6000 186TH ST,1,2020,20-16283,-122.7068233,49.1779758
Theft from Motor Vehicle,65TH AVE / 192ND ST,1,2020,20-17047,-122.6909078,49.1221574
Theft from Motor Vehicle,18300 60TH AVE,1,2020,20-2187,-122.7154516,49.1111398
Theft from Motor Vehicle,17700 57TH AVE,1,2020,20-6047,-122.7319607,49.1057425
Theft from Motor Vehicle,5900 177B ST,1,2020,20-8605,-122.7303116,49.1095958
Theft from Motor Vehicle,18900 70B AVE,1,2020,20-11121,-122.6983792,49.1311548
Theft from Motor Vehicle,5900 176A ST,1,2020,20-16117,-122.7333521,49.1095571
Theft from Motor Vehicle,18800 52ND AVE,1,2020,20-2921,-122.701599,49.0971084
Theft from Motor Vehicle,2700 153A ST,1,2020,20-435,-122.7970467,49.0455486
Theft from Motor Vehicle,150800 20TH AVE,1,2020,20-587,-122.779849,49.03830800000001
Theft from Motor Vehicle,16400 10TH AVE,1,2020,20-608,-122.7681895,49.020195
Theft from Motor Vehicle,2000 140TH ST,1,2020,20-657,-122.8343778,49.0384669
Theft from Motor Vehicle,2100 151A ST,1,2020,20-1318,-122.8012815,49.1959418
Theft from Motor Vehicle,17900 20TH AVE,1,2020,20-1398,-122.7261605,49.0383577
Theft from Motor Vehicle,2100 148TH ST,1,2020,20-1399,-122.8118747,49.0400686
Theft from Motor Vehicle,3000 KING GEORGE BLVD,1,2020,20-1730,-122.805798,49.05574
Theft from Motor Vehicle,14000 23A AVE,1,2020,20-1789,-122.8340249,49.0446874
Theft from Motor Vehicle,16600 25TH AVE,1,2020,20-2712,-122.8390998,49.0474168
Theft from Motor Vehicle,12600 17A AVE,1,2020,20-2716,-122.8729667,49.0340195
Theft from Motor Vehicle,15300 20TH AVE,1,2020,20-2735,-122.7983577,49.03803509999999
Theft from Motor Vehicle,12600 27A AVE,1,2020,20-2819,-122.872519,49.0519458
Theft from Motor Vehicle,1900 LILAC DR,1,2020,20-2849,-122.7840061,49.03702
Theft from Motor Vehicle,15300 19A AVE,1,2020,20-2861,-122.7975153,49.0375017
Theft from Motor Vehicle,17900 20TH AVE,1,2020,20-2940,-122.7261605,49.0383577
Theft from Motor Vehicle,15100 19A AVE,1,2020,20-2971,-122.8040531,49.03735169999999
Theft from Motor Vehicle,2300 CHRISTOPHERSON RD,1,2020,20-3155,-122.8826953,49.0439127
Theft from Motor Vehicle,13500 19TH AVE,1,2020,20-3181,-122.8483124,49.0362053
Theft from Motor Vehicle,14200 29A AVE,1,2020,20-3318,-122.8279223,49.0562177
Theft from Motor Vehicle,2300 CHRISTOPHERSON RD,1,2020,20-3346,-122.8826953,49.0439127
Theft from Motor Vehicle,19100 22ND AVE,1,2020,20-3353,-122.6928973,49.04203099999999
Theft from Motor Vehicle,2200 CHRISTOPHERSON RD,1,2020,20-3387,-122.8824634,49.0436242
Theft from Motor Vehicle,15700 MCBETH RD,1,2020,20-3514,-122.7857422,49.034605
Theft from Motor Vehicle,15700 23B AVE,1,2020,20-3751,-122.7862583,49.044946
Theft from Motor Vehicle,2100 165A ST,1,2020,20-3770,-122.7648141,49.0400619
Theft from Motor Vehicle,13000 15A AVE,1,2020,20-3785,-122.8619007,49.030145
Theft from Motor Vehicle,19400 32ND AVE,1,2020,20-4296,-122.6857628,49.0596744
Theft from Motor Vehicle,13100 MARINE DR,1,2020,20-4321,-122.8592563,49.0267343
Theft from Motor Vehicle,CROYDON DR / 24TH AVE,1,2020,20-4357,-122.7828086,49.0456088
Theft from Motor Vehicle,14300 17B AVE,1,2020,20-4840,-122.8253247,49.0340898
Theft from Motor Vehicle,12600 26A AVE,1,2020,20-5404,-122.873119,49.05078899999999
Theft from Motor Vehicle,13400 20A AVE,1,2020,20-5416,-122.8514452,49.0397668
Theft from Motor Vehicle,2400 128TH ST,1,2020,20-5489,-122.8673777,49.0457724
Theft from Motor Vehicle,14000 18TH AVE,1,2020,20-5595,-122.8343611,49.0348201
Theft from Motor Vehicle,2900 161A ST,1,2020,20-5600,-122.7755728,49.0546304
Theft from Motor Vehicle,2000 KING GEORGE BLVD,1,2020,20-6171,-122.7846174,49.0382982
Theft from Motor Vehicle,2500 148A ST,1,2020,20-6176,-122.8104901,49.0474009
Theft from Motor Vehicle,1900 134TH ST,1,2020,20-6227,-122.8509351,49.03667
Theft from Motor Vehicle,2800 146TH ST,1,2020,20-6475,-122.8163691,49.0531652
Theft from Motor Vehicle,13200 20A AVE,1,2020,20-6516,-122.8570312,49.039649
Theft from Motor Vehicle,2100 OCEAN FOREST DR,1,2020,20-7143,-122.8756332,49.0403244
Theft from Motor Vehicle,13000 20A AVE,1,2020,20-8091,-122.8611054,49.0392756
Theft from Motor Vehicle,12800 19A AVE,1,2020,20-8249,-122.8436433,49.0373542
Theft from Motor Vehicle,12800 19A AVE,1,2020,20-9068,-122.8436433,49.0373542
Theft from Motor Vehicle,1900 LARONDE DR,1,2020,20-9413,-122.8589558,49.0361921
Theft from Motor Vehicle,12100 AGAR ST,1,2020,20-9447,-122.8847067,49.0562536
Theft from Motor Vehicle,15900 26TH AVE,1,2020,20-9527,-122.7821083,49.0484872
Theft from Motor Vehicle,3000 OHARA LANE,1,2020,20-9590,-122.8861622,49.0567176
Theft from Motor Vehicle,3000 168TH ST,1,2020,20-9764,-122.7560829,49.0565127
Theft from Motor Vehicle,12200 AGAR ST,1,2020,20-800040,-122.8840329,49.0559504
Theft from Motor Vehicle,3500 190TH ST,1,2020,20-9897,-122.6969752,49.06584410000001
Theft from Motor Vehicle,3400 148TH ST,1,2020,20-9905,-122.8122361,49.0635108
Theft from Motor Vehicle,1600 144TH ST,1,2020,20-9969,-122.8231716,49.0314471
Theft from Motor Vehicle,2100 150A ST,1,2020,20-10064,-122.8058352,49.03997769999999
Theft from Motor Vehicle,12200 GARDINER ST,1,2020,20-10217,-122.8839582,49.05681120000001
Theft from Motor Vehicle,2800 GORDON AVE,1,2020,20-10425,-122.8812989,49.0533887
Theft from Motor Vehicle,3000 KING GEORGE BLVD,1,2020,20-10497,-122.805798,49.05574
Theft from Motor Vehicle,2400 161A ST,1,2020,20-10614,-122.7752171,49.0463375
Theft from Motor Vehicle,NORTH BLUFF RD / 16TH AVE,1,2020,20-11661,-122.7792406,49.031113
Theft from Motor Vehicle,2300 KING GEORGE BLVD,1,2020,20-11721,-122.7900987,49.0428098
Theft from Motor Vehicle,12100 AGAR ST,1,2020,20-11828,-122.8847067,49.0562536
Theft from Motor Vehicle,15400 18TH AVE,1,2020,20-12053,-122.795688,49.0347409
Theft from Motor Vehicle,2200 152A ST,1,2020,20-12178,-122.799843,49.0419323
Theft from Motor Vehicle,3600 KING GEORGE BLVD,1,2020,20-12348,-122.8203563,49.0678066
Theft from Motor Vehicle,2300 COVE PL,1,2020,20-12629,-122.8806531,49.0442767
Theft from Motor Vehicle,2400 124TH ST,1,2020,20-12679,-122.8783996,49.0457882
Theft from Motor Vehicle,2400 123A ST,1,2020,20-12712,-122.8793865,49.0462741
Theft from Motor Vehicle,12600 24A AVE,1,2020,20-12750,-122.8731797,49.0468783
Theft from Motor Vehicle,1600 136TH ST,1,2020,20-12753,-122.845414,49.031232
Theft from Motor Vehicle,12700 24TH AVE,1,2020,20-12760,-122.8701764,49.0454657
Theft from Motor Vehicle,2800 MCBRIDE AVE,1,2020,20-12812,-122.8841896,49.0534392
Theft from Motor Vehicle,LILAC DR / MCBETH RD,1,2020,20-13055,-122.783388,49.0361509
Theft from Motor Vehicle,1700 156A ST,1,2020,20-13419,-122.7882837,49.0328494
Theft from Motor Vehicle,2200 HARBOURGREENE DR,1,2020,20-13570,-122.8795796,49.04285489999999
Theft from Motor Vehicle,1700 157TH ST,1,2020,20-13610,-122.7869725,49.032848
Theft from Motor Vehicle,2400 148TH ST,1,2020,20-13690,-122.8123161,49.045677
Theft from Motor Vehicle,800 164TH ST,1,2020,20-13748,-122.7678734,49.0168075
Theft from Motor Vehicle,3000 KING GEORGE BLVD,1,2020,20-13876,-122.805798,49.05574
Theft from Motor Vehicle,1400 129A ST,1,2020,20-14259,-122.8639415,49.027645
Theft from Motor Vehicle,2900 156TH ST,1,2020,20-14350,-122.7897598,49.0543782
Theft from Motor Vehicle,12700 25A AVE,1,2020,20-14491,-122.8700784,49.0486613
Theft from Motor Vehicle,2400 KING GEORGE BLVD,1,2020,20-14501,-122.7932232,49.0459039
Theft from Motor Vehicle,1700 140A ST,1,2020,20-800056,-122.8328493,49.0330838
Theft from Motor Vehicle,2400 142ND ST,1,2020,20-15055,-122.8288112,49.12420669999999
Theft from Motor Vehicle,15900 ALDER PL,1,2020,20-800057,-122.78122,49.0316889
Theft from Motor Vehicle,15500 26TH AVE,1,2020,20-15358,-122.7929693,49.0492166
Theft from Motor Vehicle,2800 MCKENZIE AVE,1,2020,20-15390,-122.8827411,49.0534257
Theft from Motor Vehicle,19400 32ND AVE,1,2020,20-15521,-122.6857628,49.0596744
Theft from Motor Vehicle,3300 151ST ST,1,2020,20-15924,-122.8025943,49.056096
Theft from Motor Vehicle,1500 131ST ST,1,2020,20-15969,-122.8592547,49.0294547
Theft from Motor Vehicle,14700 32ND AVE,1,2020,20-15970,-122.8146491,49.060156
Theft from Motor Vehicle,12200 BEECHER ST,1,2020,20-16233,-122.8839715,49.0523783
Theft from Motor Vehicle,14200 20TH AVE,1,2020,20-18179,-122.829361,49.0384444
Theft from Motor Vehicle,1800 SOUTHMERE CRES,1,2020,20-333,-122.8090667,49.0348299
Theft from Motor Vehicle,16000 14TH AVE,1,2020,20-2676,-122.8457794,49.0276854
Theft from Motor Vehicle,15300 20TH AVE,1,2020,20-2798,-122.7983577,49.03803509999999
Theft from Motor Vehicle,15700 WILLS BROOK WAY,1,2020,20-2825,-122.7875715,49.0548431
Theft from Motor Vehicle,3100 141ST ST,1,2020,20-5446,-122.8307477,49.0582468
Theft from Motor Vehicle,1800 AMBLE GREENE BLVD,1,2020,20-6058,-122.8540073,49.034687
Theft from Motor Vehicle,2600 144TH ST,1,2020,20-6845,-122.8232739,49.0492068
Theft from Motor Vehicle,16000 16TH AVE,1,2020,20-12317,-122.779241,49.0310255
Theft from Motor Vehicle,1600 140TH ST,1,2020,20-5460,-122.834363,49.0312503
Theft from Motor Vehicle,2300 KING GEORGE BLVD,1,2020,20-11751,-122.7900987,49.0428098
Shoplifting,10300 KING GEORGE BLVD,1,2020,20-314,-122.8453333,49.1888249
Shoplifting,10300 KING GEORGE BLVD,1,2020,20-417,-122.8453333,49.1888249
Shoplifting,10700 KING GEORGE BLVD,1,2020,20-985,-122.8448779,49.1970511
Shoplifting,10300 KING GEORGE BLVD,1,2020,20-1868,-122.8453333,49.1888249
Shoplifting,10100 KING GEORGE BLVD,1,2020,20-1906,-122.845107,49.186183
Shoplifting,10300 KING GEORGE BLVD,1,2020,20-2026,-122.8453333,49.1888249
Shoplifting,10100 KING GEORGE BLVD,1,2020,20-2473,-122.845107,49.186183
Shoplifting,10100 KING GEORGE BLVD,1,2020,20-2842,-122.845107,49.186183
Shoplifting,104TH AVE / KING GEORGE BLVD,1,2020,20-3331,-122.8452331,49.191554
Shoplifting,10100 KING GEORGE BLVD,1,2020,20-3486,-122.845107,49.186183
Shoplifting,10300 KING GEORGE BLVD,1,2020,20-3554,-122.8453333,49.1888249
Shoplifting,10400 KING GEORGE BLVD,1,2020,20-3600,-122.8452331,49.191554
Shoplifting,12700 110TH AVE,1,2020,20-3807,-122.8722417,49.2026373
Shoplifting,10300 KING GEORGE BLVD,1,2020,20-3814,-122.8453333,49.1888249
Shoplifting,10100 KING GEORGE BLVD,1,2020,20-3895,-122.845107,49.186183
Shoplifting,10100 KING GEORGE BLVD,1,2020,20-4085,-122.845107,49.186183
Shoplifting,10300 KING GEORGE BLVD,1,2020,20-4366,-122.8453333,49.1888249
Shoplifting,12700 KING GEORGE BLVD,1,2020,20-4386,-122.8695947,49.2055752
Shoplifting,10300 KING GEORGE BLVD,1,2020,20-4396,-122.8453333,49.1888249
Shoplifting,10300 KING GEORGE BLVD,1,2020,20-4512,-122.8453333,49.1888249
Shoplifting,13600 102ND AVE,1,2020,20-4533,-122.8453551,49.1878104
Shoplifting,10500 KING GEORGE BLVD,1,2020,20-4576,-122.8452261,49.1934629
Shoplifting,10200 WHALLEY BLVD,1,2020,20-4684,-122.842711,49.1875817
Shoplifting,12700 110TH AVE,1,2020,20-4748,-122.8722417,49.2026373
Shoplifting,10400 KING GEORGE BLVD,1,2020,20-4749,-122.8452331,49.191554
Shoplifting,10300 KING GEORGE BLVD,1,2020,20-4790,-122.8453333,49.1888249
Shoplifting,10100 KING GEORGE BLVD,1,2020,20-4990,-122.845107,49.186183
Shoplifting,10100 KING GEORGE BLVD,1,2020,20-5142,-122.845107,49.186183
Shoplifting,10300 KING GEORGE BLVD,1,2020,20-5237,-122.8453333,49.1888249
Shoplifting,10100 KING GEORGE BLVD,1,2020,20-5264,-122.845107,49.186183
Shoplifting,10500 KING GEORGE BLVD,1,2020,20-5270,-122.8452261,49.1934629
Shoplifting,10300 KING GEORGE BLVD,1,2020,20-5330,-122.8453333,49.1888249
Shoplifting,10800 CITY PKWY,1,2020,20-5477,-122.8487967,49.1989026
Shoplifting,10100 KING GEORGE BLVD,1,2020,20-5588,-122.845107,49.186183
Shoplifting,10300 KING GEORGE BLVD,1,2020,20-5635,-122.8453333,49.1888249
Shoplifting,10100 KING GEORGE BLVD,1,2020,20-5753,-122.845107,49.186183
Shoplifting,10100 KING GEORGE BLVD,1,2020,20-5758,-122.845107,49.186183
Shoplifting,10300 KING GEORGE BLVD,1,2020,20-6114,-122.8453333,49.1888249
Shoplifting,10300 KING GEORGE BLVD,1,2020,20-6195,-122.8453333,49.1888249
Shoplifting,10100 KING GEORGE BLVD,1,2020,20-6221,-122.845107,49.186183
Shoplifting,10300 KING GEORGE BLVD,1,2020,20-6261,-122.8453333,49.1888249
Shoplifting,10400 KING GEORGE BLVD,1,2020,20-6283,-122.8452331,49.191554
Shoplifting,10800 CITY PKWY,1,2020,20-6611,-122.8487967,49.1989026
Shoplifting,10100 KING GEORGE BLVD,1,2020,20-6821,-122.845107,49.186183
Shoplifting,10700 KING GEORGE BLVD,1,2020,20-6866,-122.8448779,49.1970511
Shoplifting,10100 KING GEORGE BLVD,1,2020,20-7153,-122.845107,49.186183
Shoplifting,10300 KING GEORGE BLVD,1,2020,20-7290,-122.8453333,49.1888249
Shoplifting,10100 KING GEORGE BLVD,1,2020,20-7310,-122.845107,49.186183
Shoplifting,12700 110TH AVE,1,2020,20-7370,-122.8722417,49.2026373
Shoplifting,10500 KING GEORGE BLVD,1,2020,20-7735,-122.8452261,49.1934629
Shoplifting,12700 110TH AVE,1,2020,20-8183,-122.8722417,49.2026373
Shoplifting,10300 KING GEORGE BLVD,1,2020,20-8236,-122.8453333,49.1888249
Shoplifting,13400 102ND AVE,1,2020,20-8351,-122.8486668,49.1870554
Shoplifting,13400 102ND AVE,1,2020,20-8653,-122.8486668,49.1870554
Shoplifting,10300 KING GEORGE BLVD,1,2020,20-8710,-122.8453333,49.1888249
Shoplifting,10100 KING GEORGE BLVD,1,2020,20-9090,-122.845107,49.186183
Shoplifting,10100 KING GEORGE BLVD,1,2020,20-9089,-122.845107,49.186183
Shoplifting,10700 KING GEORGE BLVD,1,2020,20-9189,-122.8448779,49.1970511
Shoplifting,10600 KING GEORGE BLVD,1,2020,20-9502,-122.8449284,49.1955123
Shoplifting,10100 KING GEORGE BLVD,1,2020,20-9512,-122.845107,49.186183
Shoplifting,10800 CITY PKWY,1,2020,20-9644,-122.8487967,49.1989026
Shoplifting,10700 KING GEORGE BLVD,1,2020,20-10708,-122.8448779,49.1970511
Shoplifting,10100 KING GEORGE BLVD,1,2020,20-11178,-122.845107,49.186183
Shoplifting,12800 96TH AVE,1,2020,20-11197,-122.8685679,49.1767121
Shoplifting,10700 KING GEORGE BLVD,1,2020,20-12284,-122.8448779,49.1970511
Shoplifting,10400 KING GEORGE BLVD,1,2020,20-12968,-122.8452331,49.191554
Shoplifting,10300 KING GEORGE BLVD,1,2020,20-13577,-122.8453333,49.1888249
Shoplifting,10400 KING GEORGE BLVD,1,2020,20-13908,-122.8452331,49.191554
Shoplifting,13900 FRASER HWY,1,2020,20-13918,-122.8373485,49.1795427
Shoplifting,10100 KING GEORGE BLVD,1,2020,20-13964,-122.845107,49.186183
Shoplifting,10700 KING GEORGE BLVD,1,2020,20-14265,-122.8448779,49.1970511
Shoplifting,10700 KING GEORGE BLVD,1,2020,20-14870,-122.8448779,49.1970511
Shoplifting,10300 KING GEORGE BLVD,1,2020,20-15553,-122.8453333,49.1888249
Shoplifting,10800 CITY PKWY,1,2020,20-15644,-122.8487967,49.1989026
Shoplifting,13400 102ND AVE,1,2020,20-15760,-122.8486668,49.1870554
Shoplifting,10300 KING GEORGE BLVD,1,2020,20-16124,-122.8453333,49.1888249
Shoplifting,10300 KING GEORGE BLVD,1,2020,20-4463,-122.8453333,49.1888249
Shoplifting,10100 KING GEORGE BLVD,1,2020,20-4517,-122.845107,49.186183
Shoplifting,10100 KING GEORGE BLVD,1,2020,20-4616,-122.845107,49.186183
